date,product_id,store_id,units_sold,revenue
2013-01-02,STORE_0001,c,668,5530
2013-01-03,STORE_0001,c,578,4327
2013-01-04,STORE_0001,c,619,4486
2013-01-05,STORE_0001,c,635,4997
2013-01-07,STORE_0001,c,785,7176
2013-01-08,STORE_0001,c,654,5580
2013-01-09,STORE_0001,c,626,5471
2013-01-10,STORE_0001,c,615,4892
2013-01-11,STORE_0001,c,592,4881
2013-01-12,STORE_0001,c,646,4952
2013-01-14,STORE_0001,c,616,4717
2013-01-15,STORE_0001,c,512,3900
2013-01-16,STORE_0001,c,530,4008
2013-01-17,STORE_0001,c,503,4044
2013-01-18,STORE_0001,c,568,4127
2013-01-19,STORE_0001,c,688,5182
2013-01-21,STORE_0001,c,607,5394
2013-01-22,STORE_0001,c,667,5720
2013-01-23,STORE_0001,c,627,5578
2013-01-24,STORE_0001,c,645,5195
2013-01-25,STORE_0001,c,676,5586
2013-01-26,STORE_0001,c,640,5598
2013-01-28,STORE_0001,c,549,4055
2013-01-29,STORE_0001,c,522,3725
2013-01-30,STORE_0001,c,560,4601
2013-01-31,STORE_0001,c,571,4709
2013-02-01,STORE_0001,c,658,5633
2013-02-02,STORE_0001,c,701,5970
2013-02-04,STORE_0001,c,762,7032
2013-02-05,STORE_0001,c,678,6049
2013-02-06,STORE_0001,c,693,6140
2013-02-07,STORE_0001,c,675,5499
2013-02-08,STORE_0001,c,630,5681
2013-02-09,STORE_0001,c,656,5370
2013-02-11,STORE_0001,c,599,4409
2013-02-12,STORE_0001,c,572,4015
2013-02-13,STORE_0001,c,604,4252
2013-02-14,STORE_0001,c,573,4241
2013-02-15,STORE_0001,c,607,4809
2013-02-16,STORE_0001,c,682,6154
2013-02-18,STORE_0001,c,710,6407
2013-02-19,STORE_0001,c,608,5386
2013-02-20,STORE_0001,c,684,5660
2013-02-21,STORE_0001,c,629,5261
2013-02-22,STORE_0001,c,599,5000
2013-02-23,STORE_0001,c,650,5237
2013-02-25,STORE_0001,c,534,4038
2013-02-26,STORE_0001,c,525,3794
2013-02-27,STORE_0001,c,579,4558
2013-02-28,STORE_0001,c,581,4676
2013-03-01,STORE_0001,c,584,4611
2013-03-02,STORE_0001,c,678,5350
2013-03-04,STORE_0001,c,840,7675
2013-03-05,STORE_0001,c,715,6300
2013-03-06,STORE_0001,c,678,5973
2013-03-07,STORE_0001,c,702,5637
2013-03-08,STORE_0001,c,694,5853
2013-03-09,STORE_0001,c,734,5578
2013-03-11,STORE_0001,c,618,4949
2013-03-12,STORE_0001,c,491,3853
2013-03-13,STORE_0001,c,622,4341
2013-03-14,STORE_0001,c,660,5108
2013-03-15,STORE_0001,c,677,4925
2013-03-16,STORE_0001,c,680,5003
2013-03-18,STORE_0001,c,778,7072
2013-03-19,STORE_0001,c,719,6563
2013-03-20,STORE_0001,c,688,5598
2013-03-21,STORE_0001,c,662,5179
2013-03-22,STORE_0001,c,694,5506
2013-03-23,STORE_0001,c,682,5603
2013-03-25,STORE_0001,c,777,6729
2013-03-26,STORE_0001,c,747,6686
2013-03-27,STORE_0001,c,779,6660
2013-03-28,STORE_0001,c,902,7285
2013-03-30,STORE_0001,c,773,7132
2013-04-02,STORE_0001,c,629,5484
2013-04-03,STORE_0001,c,594,4625
2013-04-04,STORE_0001,c,566,4293
2013-04-05,STORE_0001,c,571,4390
2013-04-06,STORE_0001,c,657,5075
2013-04-08,STORE_0001,c,695,6046
2013-04-09,STORE_0001,c,594,5514
2013-04-10,STORE_0001,c,575,4903
2013-04-11,STORE_0001,c,541,4366
2013-04-12,STORE_0001,c,614,5263
2013-04-13,STORE_0001,c,608,4773
2013-04-15,STORE_0001,c,526,3941
2013-04-16,STORE_0001,c,453,3357
2013-04-17,STORE_0001,c,500,3649
2013-04-18,STORE_0001,c,432,2952
2013-04-19,STORE_0001,c,526,4303
2013-04-20,STORE_0001,c,546,4350
2013-04-22,STORE_0001,c,623,5672
2013-04-23,STORE_0001,c,560,4492
2013-04-24,STORE_0001,c,512,4309
2013-04-25,STORE_0001,c,532,3939
2013-04-26,STORE_0001,c,572,4841
2013-04-27,STORE_0001,c,650,5726
2013-04-29,STORE_0001,c,641,5821
2013-04-30,STORE_0001,c,665,5925
2013-05-02,STORE_0001,c,677,6486
2013-05-03,STORE_0001,c,658,6027
2013-05-04,STORE_0001,c,813,5912
2013-05-06,STORE_0001,c,562,4568
2013-05-07,STORE_0001,c,540,4624
2013-05-08,STORE_0001,c,631,5230
2013-05-10,STORE_0001,c,644,5409
2013-05-11,STORE_0001,c,640,5064
2013-05-13,STORE_0001,c,660,6106
2013-05-14,STORE_0001,c,574,5083
2013-05-15,STORE_0001,c,576,4790
2013-05-16,STORE_0001,c,544,4448
2013-05-17,STORE_0001,c,597,4856
2013-05-18,STORE_0001,c,535,4413
2013-05-21,STORE_0001,c,602,4789
2013-05-22,STORE_0001,c,507,3559
2013-05-23,STORE_0001,c,536,4030
2013-05-24,STORE_0001,c,534,4232
2013-05-25,STORE_0001,c,538,4408
2013-05-27,STORE_0001,c,606,5519
2013-05-28,STORE_0001,c,555,4995
2013-05-29,STORE_0001,c,641,5784
2013-05-31,STORE_0001,c,795,7893
2013-06-01,STORE_0001,c,662,5693
2013-06-03,STORE_0001,c,619,5422
2013-06-04,STORE_0001,c,558,5220
2013-06-05,STORE_0001,c,575,5012
2013-06-06,STORE_0001,c,555,4881
2013-06-07,STORE_0001,c,541,4315
2013-06-08,STORE_0001,c,511,4262
2013-06-10,STORE_0001,c,531,4291
2013-06-11,STORE_0001,c,500,3784
2013-06-12,STORE_0001,c,476,3563
2013-06-13,STORE_0001,c,461,3661
2013-06-14,STORE_0001,c,529,4150
2013-06-15,STORE_0001,c,567,4766
2013-06-17,STORE_0001,c,585,5337
2013-06-18,STORE_0001,c,554,4633
2013-06-19,STORE_0001,c,517,4180
2013-06-20,STORE_0001,c,539,5011
2013-06-21,STORE_0001,c,542,5173
2013-06-22,STORE_0001,c,512,4341
2013-06-24,STORE_0001,c,494,3549
2013-06-25,STORE_0001,c,528,4536
2013-06-26,STORE_0001,c,508,3827
2013-06-27,STORE_0001,c,464,3593
2013-06-28,STORE_0001,c,568,4407
2013-06-29,STORE_0001,c,671,5804
2013-07-01,STORE_0001,c,614,5614
2013-07-02,STORE_0001,c,614,5868
2013-07-03,STORE_0001,c,634,5875
2013-07-04,STORE_0001,c,634,5701
2013-07-05,STORE_0001,c,603,4986
2013-07-06,STORE_0001,c,498,4090
2013-07-08,STORE_0001,c,523,4475
2013-07-09,STORE_0001,c,503,4047
2013-07-10,STORE_0001,c,496,3963
2013-07-11,STORE_0001,c,486,4053
2013-07-12,STORE_0001,c,514,4134
2013-07-13,STORE_0001,c,490,4015
2013-07-15,STORE_0001,c,657,6377
2013-07-16,STORE_0001,c,582,5643
2013-07-17,STORE_0001,c,544,4946
2013-07-18,STORE_0001,c,533,4904
2013-07-19,STORE_0001,c,495,4275
2013-07-20,STORE_0001,c,544,4421
2013-07-22,STORE_0001,c,493,4149
2013-07-23,STORE_0001,c,497,3937
2013-07-24,STORE_0001,c,453,3849
2013-07-25,STORE_0001,c,451,3502
2013-07-26,STORE_0001,c,516,4221
2013-07-27,STORE_0001,c,456,3352
2013-07-29,STORE_0001,c,630,6290
2013-07-30,STORE_0001,c,630,5773
2013-07-31,STORE_0001,c,624,5572
2013-08-01,STORE_0001,c,555,4994
2013-08-02,STORE_0001,c,562,4494
2013-08-03,STORE_0001,c,553,4461
2013-08-05,STORE_0001,c,522,4086
2013-08-06,STORE_0001,c,477,3582
2013-08-07,STORE_0001,c,512,4143
2013-08-08,STORE_0001,c,466,3680
2013-08-09,STORE_0001,c,418,3257
2013-08-10,STORE_0001,c,457,3768
2013-08-12,STORE_0001,c,600,5326
2013-08-13,STORE_0001,c,573,5299
2013-08-14,STORE_0001,c,574,4724
2013-08-15,STORE_0001,c,538,4575
2013-08-16,STORE_0001,c,527,4552
2013-08-17,STORE_0001,c,503,4078
2013-08-19,STORE_0001,c,513,3954
2013-08-20,STORE_0001,c,475,3492
2013-08-21,STORE_0001,c,441,3096
2013-08-22,STORE_0001,c,498,3703
2013-08-23,STORE_0001,c,445,3493
2013-08-24,STORE_0001,c,601,4752
2013-08-26,STORE_0001,c,613,5482
2013-08-27,STORE_0001,c,556,5156
2013-08-28,STORE_0001,c,507,4583
2013-08-29,STORE_0001,c,534,4804
2013-08-30,STORE_0001,c,612,5469
2013-08-31,STORE_0001,c,598,5317
2013-09-02,STORE_0001,c,496,4195
2013-09-03,STORE_0001,c,507,3928
2013-09-04,STORE_0001,c,444,3343
2013-09-05,STORE_0001,c,465,3883
2013-09-06,STORE_0001,c,466,3836
2013-09-07,STORE_0001,c,555,4663
2013-09-09,STORE_0001,c,601,5893
2013-09-10,STORE_0001,c,599,5403
2013-09-11,STORE_0001,c,580,5103
2013-09-12,STORE_0001,c,586,5079
2013-09-13,STORE_0001,c,559,5187
2013-09-14,STORE_0001,c,619,4663
2013-09-16,STORE_0001,c,568,4249
2013-09-17,STORE_0001,c,502,3685
2013-09-18,STORE_0001,c,507,3946
2013-09-19,STORE_0001,c,469,3717
2013-09-20,STORE_0001,c,494,3516
2013-09-21,STORE_0001,c,522,3909
2013-09-23,STORE_0001,c,542,4770
2013-09-24,STORE_0001,c,492,4274
2013-09-25,STORE_0001,c,500,4212
2013-09-26,STORE_0001,c,537,4481
2013-09-27,STORE_0001,c,548,4669
2013-09-28,STORE_0001,c,538,4175
2013-09-30,STORE_0001,c,516,4088
2013-10-01,STORE_0001,c,508,4178
2013-10-02,STORE_0001,c,509,4001
2013-10-04,STORE_0001,c,619,5447
2013-10-05,STORE_0001,c,662,5352
2013-10-07,STORE_0001,c,626,6004
2013-10-08,STORE_0001,c,592,5452
2013-10-09,STORE_0001,c,596,4957
2013-10-10,STORE_0001,c,596,5286
2013-10-11,STORE_0001,c,670,5896
2013-10-12,STORE_0001,c,608,4954
2013-10-14,STORE_0001,c,478,3773
2013-10-15,STORE_0001,c,457,3355
2013-10-16,STORE_0001,c,452,3383
2013-10-17,STORE_0001,c,446,3223
2013-10-18,STORE_0001,c,490,3566
2013-10-19,STORE_0001,c,479,3667
2013-10-21,STORE_0001,c,571,5055
2013-10-22,STORE_0001,c,504,4068
2013-10-23,STORE_0001,c,505,4612
2013-10-24,STORE_0001,c,498,4044
2013-10-25,STORE_0001,c,576,4573
2013-10-26,STORE_0001,c,535,4347
2013-10-28,STORE_0001,c,494,3557
2013-10-29,STORE_0001,c,479,3737
2013-10-30,STORE_0001,c,496,4119
2013-10-31,STORE_0001,c,514,4035
2013-11-01,STORE_0001,c,707,5471
2013-11-02,STORE_0001,c,653,5233
2013-11-04,STORE_0001,c,620,5861
2013-11-05,STORE_0001,c,628,5348
2013-11-06,STORE_0001,c,611,5572
2013-11-07,STORE_0001,c,575,5009
2013-11-08,STORE_0001,c,583,5242
2013-11-09,STORE_0001,c,582,4681
2013-11-11,STORE_0001,c,519,4014
2013-11-12,STORE_0001,c,507,4017
2013-11-13,STORE_0001,c,464,3310
2013-11-14,STORE_0001,c,502,3795
2013-11-15,STORE_0001,c,504,4016
2013-11-16,STORE_0001,c,616,5071
2013-11-18,STORE_0001,c,681,5927
2013-11-19,STORE_0001,c,583,5143
2013-11-20,STORE_0001,c,586,4936
2013-11-21,STORE_0001,c,545,4623
2013-11-22,STORE_0001,c,581,5058
2013-11-23,STORE_0001,c,614,5297
2013-11-25,STORE_0001,c,575,4600
2013-11-26,STORE_0001,c,524,4201
2013-11-27,STORE_0001,c,530,4561
2013-11-28,STORE_0001,c,585,4614
2013-11-29,STORE_0001,c,665,5623
2013-11-30,STORE_0001,c,730,6373
2013-12-02,STORE_0001,c,754,6943
2013-12-03,STORE_0001,c,658,6293
2013-12-04,STORE_0001,c,627,5688
2013-12-05,STORE_0001,c,685,5691
2013-12-06,STORE_0001,c,673,6112
2013-12-07,STORE_0001,c,723,5799
2013-12-09,STORE_0001,c,576,4462
2013-12-10,STORE_0001,c,581,4228
2013-12-11,STORE_0001,c,543,4301
2013-12-12,STORE_0001,c,558,4074
2013-12-13,STORE_0001,c,594,4703
2013-12-14,STORE_0001,c,743,6119
2013-12-16,STORE_0001,c,825,8277
2013-12-17,STORE_0001,c,808,7356
2013-12-18,STORE_0001,c,828,7821
2013-12-19,STORE_0001,c,782,6788
2013-12-20,STORE_0001,c,895,8414
2013-12-21,STORE_0001,c,927,8043
2013-12-23,STORE_0001,c,1130,9528
2013-12-24,STORE_0001,c,385,3204
2013-12-27,STORE_0001,c,737,6110
2013-12-28,STORE_0001,c,716,5659
2013-12-30,STORE_0001,c,796,7193
2013-12-31,STORE_0001,c,298,2362
2014-01-02,STORE_0001,c,618,4969
2014-01-03,STORE_0001,c,552,4190
2014-01-04,STORE_0001,c,660,5173
2014-01-06,STORE_0001,c,649,6194
2014-01-07,STORE_0001,c,607,5539
2014-01-08,STORE_0001,c,589,4931
2014-01-09,STORE_0001,c,539,4396
2014-01-10,STORE_0001,c,559,4486
2014-01-11,STORE_0001,c,569,4454
2014-01-13,STORE_0001,c,545,3994
2014-01-14,STORE_0001,c,464,3621
2014-01-15,STORE_0001,c,486,3776
2014-01-16,STORE_0001,c,477,3632
2014-01-17,STORE_0001,c,479,3803
2014-01-18,STORE_0001,c,630,5128
2014-01-20,STORE_0001,c,653,6148
2014-01-21,STORE_0001,c,551,5151
2014-01-22,STORE_0001,c,549,4562
2014-01-23,STORE_0001,c,525,4597
2014-01-24,STORE_0001,c,587,5098
2014-01-25,STORE_0001,c,561,4546
2014-01-27,STORE_0001,c,517,3601
2014-01-28,STORE_0001,c,453,3581
2014-01-29,STORE_0001,c,491,3789
2014-01-30,STORE_0001,c,543,4549
2014-01-31,STORE_0001,c,589,4906
2014-02-01,STORE_0001,c,667,5292
2014-02-03,STORE_0001,c,638,5839
2014-02-04,STORE_0001,c,602,5540
2014-02-05,STORE_0001,c,581,5031
2014-02-06,STORE_0001,c,557,4823
2014-02-07,STORE_0001,c,636,5596
2014-02-08,STORE_0001,c,620,4726
2014-02-10,STORE_0001,c,502,3591
2014-02-11,STORE_0001,c,481,3461
2014-02-12,STORE_0001,c,508,3662
2014-02-13,STORE_0001,c,517,3638
2014-02-14,STORE_0001,c,591,4647
2014-02-15,STORE_0001,c,655,5258
2014-02-17,STORE_0001,c,606,5393
2014-02-18,STORE_0001,c,556,4602
2014-02-19,STORE_0001,c,547,4935
2014-02-20,STORE_0001,c,559,4563
2014-02-21,STORE_0001,c,550,4727
2014-02-22,STORE_0001,c,623,4820
2014-02-24,STORE_0001,c,481,3826
2014-02-25,STORE_0001,c,470,3499
2014-02-26,STORE_0001,c,491,4108
2014-02-27,STORE_0001,c,519,3826
2014-02-28,STORE_0001,c,603,5031
2014-03-01,STORE_0001,c,655,5307
2014-03-03,STORE_0001,c,616,6198
2014-03-04,STORE_0001,c,619,5397
2014-03-05,STORE_0001,c,592,4916
2014-03-06,STORE_0001,c,542,4585
2014-03-07,STORE_0001,c,588,5340
2014-03-08,STORE_0001,c,550,4400
2014-03-10,STORE_0001,c,469,3573
2014-03-11,STORE_0001,c,476,3588
2014-03-12,STORE_0001,c,499,3805
2014-03-13,STORE_0001,c,450,3224
2014-03-14,STORE_0001,c,502,3883
2014-03-15,STORE_0001,c,630,5042
2014-03-17,STORE_0001,c,628,5563
2014-03-18,STORE_0001,c,635,5200
2014-03-19,STORE_0001,c,496,4036
2014-03-20,STORE_0001,c,485,4023
2014-03-21,STORE_0001,c,542,4510
2014-03-22,STORE_0001,c,628,5241
2014-03-24,STORE_0001,c,511,3850
2014-03-25,STORE_0001,c,448,3136
2014-03-26,STORE_0001,c,443,3225
2014-03-27,STORE_0001,c,512,3847
2014-03-28,STORE_0001,c,471,3987
2014-03-29,STORE_0001,c,548,4583
2014-03-31,STORE_0001,c,640,6008
2014-04-01,STORE_0001,c,583,5407
2014-04-02,STORE_0001,c,539,4834
2014-04-03,STORE_0001,c,526,4556
2014-04-04,STORE_0001,c,552,4738
2014-04-05,STORE_0001,c,571,4599
2014-04-07,STORE_0001,c,497,3751
2014-04-08,STORE_0001,c,496,3990
2014-04-09,STORE_0001,c,528,3919
2014-04-10,STORE_0001,c,501,3948
2014-04-11,STORE_0001,c,507,3733
2014-04-12,STORE_0001,c,570,4435
2014-04-14,STORE_0001,c,693,6803
2014-04-15,STORE_0001,c,672,6196
2014-04-16,STORE_0001,c,662,6381
2014-04-17,STORE_0001,c,703,6160
2014-04-19,STORE_0001,c,642,5871
2014-04-22,STORE_0001,c,563,4133
2014-04-23,STORE_0001,c,434,3482
2014-04-24,STORE_0001,c,461,3376
2014-04-25,STORE_0001,c,468,3710
2014-04-26,STORE_0001,c,535,3989
2014-04-28,STORE_0001,c,607,5488
2014-04-29,STORE_0001,c,628,5923
2014-04-30,STORE_0001,c,624,5870
2014-05-02,STORE_0001,c,732,6790
2014-05-03,STORE_0001,c,633,5498
2014-05-05,STORE_0001,c,615,5325
2014-05-06,STORE_0001,c,585,5055
2014-05-07,STORE_0001,c,604,5075
2014-05-08,STORE_0001,c,614,5222
2014-05-09,STORE_0001,c,622,5237
2014-05-10,STORE_0001,c,710,5996
2014-05-12,STORE_0001,c,555,3957
2014-05-13,STORE_0001,c,449,3535
2014-05-14,STORE_0001,c,474,3710
2014-05-15,STORE_0001,c,491,3589
2014-05-16,STORE_0001,c,479,3863
2014-05-17,STORE_0001,c,512,3785
2014-05-19,STORE_0001,c,608,5637
2014-05-20,STORE_0001,c,549,4909
2014-05-21,STORE_0001,c,510,4298
2014-05-22,STORE_0001,c,481,3801
2014-05-23,STORE_0001,c,526,4968
2014-05-24,STORE_0001,c,516,4574
2014-05-26,STORE_0001,c,494,3912
2014-05-27,STORE_0001,c,511,3971
2014-05-28,STORE_0001,c,581,4616
2014-05-30,STORE_0001,c,628,5407
2014-05-31,STORE_0001,c,560,4985
2014-06-02,STORE_0001,c,609,6071
2014-06-03,STORE_0001,c,593,5614
2014-06-04,STORE_0001,c,570,5229
2014-06-05,STORE_0001,c,585,5278
2014-06-06,STORE_0001,c,575,4957
2014-06-07,STORE_0001,c,555,4923
2014-06-10,STORE_0001,c,560,4607
2014-06-11,STORE_0001,c,535,4207
2014-06-12,STORE_0001,c,489,3702
2014-06-13,STORE_0001,c,498,3901
2014-06-14,STORE_0001,c,562,4757
2014-06-16,STORE_0001,c,529,4788
2014-06-17,STORE_0001,c,594,5770
2014-06-18,STORE_0001,c,567,5256
2014-06-20,STORE_0001,c,709,6362
2014-06-21,STORE_0001,c,496,3982
2014-06-23,STORE_0001,c,456,3755
2014-06-24,STORE_0001,c,444,3351
2014-06-25,STORE_0001,c,440,3727
2014-06-26,STORE_0001,c,368,2749
2014-06-27,STORE_0001,c,501,4019
2014-06-28,STORE_0001,c,566,5162
2014-06-30,STORE_0001,c,641,5738
2014-07-01,STORE_0001,c,533,5138
2014-07-02,STORE_0001,c,560,5161
2014-07-03,STORE_0001,c,514,4756
2014-07-04,STORE_0001,c,450,4025
2014-07-05,STORE_0001,c,589,5176
2014-07-07,STORE_0001,c,505,4223
2014-07-08,STORE_0001,c,510,4081
2014-07-09,STORE_0001,c,485,3547
2014-07-10,STORE_0001,c,472,3741
2014-07-11,STORE_0001,c,463,4020
2014-07-12,STORE_0001,c,531,4409
2014-07-14,STORE_0001,c,532,5083
2014-07-15,STORE_0001,c,538,5298
2014-07-16,STORE_0001,c,566,5424
2014-07-17,STORE_0001,c,525,4685
2014-07-18,STORE_0001,c,506,4609
2014-07-19,STORE_0001,c,477,4084
2014-07-21,STORE_0001,c,528,4507
2014-07-22,STORE_0001,c,495,3933
2014-07-23,STORE_0001,c,476,3806
2014-07-24,STORE_0001,c,494,3557
2014-07-25,STORE_0001,c,461,3858
2014-07-26,STORE_0001,c,488,4266
2014-07-28,STORE_0001,c,584,5372
2014-07-29,STORE_0001,c,591,5252
2014-07-30,STORE_0001,c,587,5487
2014-07-31,STORE_0001,c,575,5106
2014-08-01,STORE_0001,c,572,5038
2014-08-02,STORE_0001,c,555,4731
2014-08-04,STORE_0001,c,592,5655
2014-08-05,STORE_0001,c,620,5433
2014-08-06,STORE_0001,c,575,5337
2014-08-07,STORE_0001,c,480,4154
2014-08-08,STORE_0001,c,503,4451
2014-08-09,STORE_0001,c,504,4174
2014-08-11,STORE_0001,c,505,3886
2014-08-12,STORE_0001,c,421,3185
2014-08-13,STORE_0001,c,496,4069
2014-08-14,STORE_0001,c,481,3906
2014-08-15,STORE_0001,c,479,3746
2014-08-16,STORE_0001,c,544,4425
2014-08-18,STORE_0001,c,598,5623
2014-08-19,STORE_0001,c,528,5190
2014-08-20,STORE_0001,c,467,4280
2014-08-21,STORE_0001,c,484,4327
2014-08-22,STORE_0001,c,461,3971
2014-08-23,STORE_0001,c,469,3582
2014-08-25,STORE_0001,c,449,3414
2014-08-26,STORE_0001,c,460,3396
2014-08-27,STORE_0001,c,421,3148
2014-08-28,STORE_0001,c,467,3920
2014-08-29,STORE_0001,c,439,3869
2014-08-30,STORE_0001,c,518,4094
2014-09-01,STORE_0001,c,561,5464
2014-09-02,STORE_0001,c,564,5008
2014-09-03,STORE_0001,c,539,4978
2014-09-04,STORE_0001,c,507,4346
2014-09-05,STORE_0001,c,553,4706
2014-09-06,STORE_0001,c,515,3959
2014-09-08,STORE_0001,c,530,3676
2014-09-09,STORE_0001,c,439,3377
2014-09-10,STORE_0001,c,448,3275
2014-09-11,STORE_0001,c,437,3392
2014-09-12,STORE_0001,c,501,3906
2014-09-13,STORE_0001,c,508,4270
2014-09-15,STORE_0001,c,545,4611
2014-09-16,STORE_0001,c,511,4381
2014-09-17,STORE_0001,c,490,4383
2014-09-18,STORE_0001,c,447,3740
2014-09-19,STORE_0001,c,485,4128
2014-09-20,STORE_0001,c,500,3911
2014-09-22,STORE_0001,c,466,3982
2014-09-23,STORE_0001,c,437,3407
2014-09-24,STORE_0001,c,465,3405
2014-09-25,STORE_0001,c,378,2462
2014-09-26,STORE_0001,c,442,3518
2014-09-27,STORE_0001,c,464,3914
2014-09-29,STORE_0001,c,566,5280
2014-09-30,STORE_0001,c,550,4919
2014-10-01,STORE_0001,c,554,4712
2014-10-02,STORE_0001,c,601,5400
2014-10-04,STORE_0001,c,621,5355
2014-10-06,STORE_0001,c,608,5402
2014-10-07,STORE_0001,c,556,5439
2014-10-08,STORE_0001,c,518,4944
2014-10-09,STORE_0001,c,527,4654
2014-10-10,STORE_0001,c,539,4396
2014-10-11,STORE_0001,c,557,4743
2014-10-13,STORE_0001,c,492,4033
2014-10-14,STORE_0001,c,476,3681
2014-10-15,STORE_0001,c,451,3775
2014-10-16,STORE_0001,c,436,3430
2014-10-17,STORE_0001,c,500,3720
2014-10-18,STORE_0001,c,497,4169
2014-10-20,STORE_0001,c,560,4652
2014-10-21,STORE_0001,c,547,4678
2014-10-22,STORE_0001,c,566,4868
2014-10-23,STORE_0001,c,476,4466
2014-10-24,STORE_0001,c,495,4196
2014-10-25,STORE_0001,c,539,4596
2014-10-27,STORE_0001,c,475,4260
2014-10-28,STORE_0001,c,439,3364
2014-10-29,STORE_0001,c,449,3761
2014-10-30,STORE_0001,c,492,4042
2014-10-31,STORE_0001,c,512,4161
2014-11-01,STORE_0001,c,731,6532
2014-11-03,STORE_0001,c,625,5857
2014-11-04,STORE_0001,c,586,5253
2014-11-05,STORE_0001,c,539,4838
2014-11-06,STORE_0001,c,527,4785
2014-11-07,STORE_0001,c,582,5220
2014-11-08,STORE_0001,c,546,4720
2014-11-10,STORE_0001,c,578,5474
2014-11-11,STORE_0001,c,555,4479
2014-11-12,STORE_0001,c,533,4677
2014-11-13,STORE_0001,c,471,3869
2014-11-14,STORE_0001,c,603,5334
2014-11-15,STORE_0001,c,614,4967
2014-11-17,STORE_0001,c,491,3582
2014-11-18,STORE_0001,c,529,3890
2014-11-19,STORE_0001,c,494,3894
2014-11-20,STORE_0001,c,635,4963
2014-11-21,STORE_0001,c,570,4594
2014-11-22,STORE_0001,c,678,5849
2014-11-24,STORE_0001,c,694,6527
2014-11-25,STORE_0001,c,610,5815
2014-11-26,STORE_0001,c,611,5328
2014-11-27,STORE_0001,c,668,6144
2014-11-28,STORE_0001,c,711,7195
2014-11-29,STORE_0001,c,749,7066
2014-12-01,STORE_0001,c,723,7380
2014-12-02,STORE_0001,c,717,6467
2014-12-03,STORE_0001,c,695,6454
2014-12-04,STORE_0001,c,681,7016
2014-12-05,STORE_0001,c,712,6207
2014-12-06,STORE_0001,c,746,6185
2014-12-08,STORE_0001,c,610,4884
2014-12-09,STORE_0001,c,559,4345
2014-12-10,STORE_0001,c,619,4915
2014-12-11,STORE_0001,c,587,5060
2014-12-12,STORE_0001,c,617,5269
2014-12-13,STORE_0001,c,850,7263
2014-12-15,STORE_0001,c,871,8069
2014-12-16,STORE_0001,c,823,7739
2014-12-17,STORE_0001,c,791,7523
2014-12-18,STORE_0001,c,841,7785
2014-12-19,STORE_0001,c,884,7558
2014-12-20,STORE_0001,c,962,8367
2014-12-22,STORE_0001,c,1080,9331
2014-12-23,STORE_0001,c,957,7959
2014-12-24,STORE_0001,c,421,3659
2014-12-27,STORE_0001,c,684,6057
2014-12-29,STORE_0001,c,700,6463
2014-12-30,STORE_0001,c,703,6466
2014-12-31,STORE_0001,c,327,2605
2015-01-02,STORE_0001,c,657,5509
2015-01-03,STORE_0001,c,645,5023
2015-01-05,STORE_0001,c,712,6239
2015-01-06,STORE_0001,c,595,4574
2015-01-07,STORE_0001,c,603,4796
2015-01-08,STORE_0001,c,457,3716
2015-01-09,STORE_0001,c,494,3998
2015-01-10,STORE_0001,c,566,4599
2015-01-12,STORE_0001,c,590,5346
2015-01-13,STORE_0001,c,564,4924
2015-01-14,STORE_0001,c,545,4541
2015-01-15,STORE_0001,c,517,4295
2015-01-16,STORE_0001,c,524,4161
2015-01-17,STORE_0001,c,622,5255
2015-01-19,STORE_0001,c,480,3721
2015-01-20,STORE_0001,c,462,3680
2015-01-21,STORE_0001,c,460,3299
2015-01-22,STORE_0001,c,493,3492
2015-01-23,STORE_0001,c,489,3586
2015-01-24,STORE_0001,c,600,4840
2015-01-26,STORE_0001,c,566,4781
2015-01-27,STORE_0001,c,532,4806
2015-01-28,STORE_0001,c,537,4310
2015-01-29,STORE_0001,c,573,5171
2015-01-30,STORE_0001,c,616,5577
2015-01-31,STORE_0001,c,638,5363
2015-02-02,STORE_0001,c,669,6038
2015-02-03,STORE_0001,c,596,4901
2015-02-04,STORE_0001,c,544,4672
2015-02-05,STORE_0001,c,551,4394
2015-02-06,STORE_0001,c,604,5022
2015-02-07,STORE_0001,c,599,4663
2015-02-09,STORE_0001,c,501,3965
2015-02-10,STORE_0001,c,419,3136
2015-02-11,STORE_0001,c,501,3735
2015-02-12,STORE_0001,c,477,3900
2015-02-13,STORE_0001,c,630,4726
2015-02-14,STORE_0001,c,624,5015
2015-02-16,STORE_0001,c,478,4303
2015-02-17,STORE_0001,c,512,4833
2015-02-18,STORE_0001,c,509,4180
2015-02-19,STORE_0001,c,507,4460
2015-02-20,STORE_0001,c,548,4651
2015-02-21,STORE_0001,c,547,4475
2015-02-23,STORE_0001,c,454,3598
2015-02-24,STORE_0001,c,500,4054
2015-02-25,STORE_0001,c,512,3875
2015-02-26,STORE_0001,c,489,4042
2015-02-27,STORE_0001,c,542,4708
2015-02-28,STORE_0001,c,640,5289
2015-03-02,STORE_0001,c,669,5942
2015-03-03,STORE_0001,c,576,5451
2015-03-04,STORE_0001,c,597,5568
2015-03-05,STORE_0001,c,534,4419
2015-03-06,STORE_0001,c,579,5397
2015-03-07,STORE_0001,c,570,4592
2015-03-09,STORE_0001,c,485,3701
2015-03-10,STORE_0001,c,491,3805
2015-03-11,STORE_0001,c,521,4170
2015-03-12,STORE_0001,c,405,3141
2015-03-13,STORE_0001,c,493,3725
2015-03-14,STORE_0001,c,599,5225
2015-03-16,STORE_0001,c,605,5695
2015-03-17,STORE_0001,c,555,4806
2015-03-18,STORE_0001,c,504,3858
2015-03-19,STORE_0001,c,535,4748
2015-03-20,STORE_0001,c,472,4057
2015-03-21,STORE_0001,c,506,3909
2015-03-23,STORE_0001,c,495,3565
2015-03-24,STORE_0001,c,464,3547
2015-03-25,STORE_0001,c,447,3531
2015-03-26,STORE_0001,c,490,3932
2015-03-27,STORE_0001,c,529,4005
2015-03-28,STORE_0001,c,605,5208
2015-03-30,STORE_0001,c,697,6714
2015-03-31,STORE_0001,c,589,6206
2015-04-01,STORE_0001,c,707,6816
2015-04-02,STORE_0001,c,722,6574
2015-04-04,STORE_0001,c,796,6709
2015-04-07,STORE_0001,c,555,4163
2015-04-08,STORE_0001,c,500,4194
2015-04-09,STORE_0001,c,430,3467
2015-04-10,STORE_0001,c,428,3549
2015-04-11,STORE_0001,c,525,4173
2015-04-13,STORE_0001,c,574,5377
2015-04-14,STORE_0001,c,535,4648
2015-04-15,STORE_0001,c,501,4110
2015-04-16,STORE_0001,c,480,4116
2015-04-17,STORE_0001,c,511,4718
2015-04-18,STORE_0001,c,544,4594
2015-04-20,STORE_0001,c,480,3722
2015-04-21,STORE_0001,c,416,3037
2015-04-22,STORE_0001,c,411,3319
2015-04-23,STORE_0001,c,426,3076
2015-04-24,STORE_0001,c,437,3198
2015-04-25,STORE_0001,c,537,4318
2015-04-27,STORE_0001,c,574,5575
2015-04-28,STORE_0001,c,552,5199
2015-04-29,STORE_0001,c,579,5775
2015-04-30,STORE_0001,c,650,6228
2015-05-02,STORE_0001,c,653,5850
2015-05-04,STORE_0001,c,589,5591
2015-05-05,STORE_0001,c,514,4564
2015-05-06,STORE_0001,c,536,4960
2015-05-07,STORE_0001,c,491,4529
2015-05-08,STORE_0001,c,536,4683
2015-05-09,STORE_0001,c,596,4945
2015-05-11,STORE_0001,c,453,3551
2015-05-12,STORE_0001,c,438,3547
2015-05-13,STORE_0001,c,523,3998
2015-05-15,STORE_0001,c,523,4178
2015-05-16,STORE_0001,c,505,4431
2015-05-18,STORE_0001,c,577,5280
2015-05-19,STORE_0001,c,546,5235
2015-05-20,STORE_0001,c,533,4735
2015-05-21,STORE_0001,c,471,3755
2015-05-22,STORE_0001,c,495,4459
2015-05-23,STORE_0001,c,506,4276
2015-05-26,STORE_0001,c,479,4211
2015-05-27,STORE_0001,c,497,4083
2015-05-28,STORE_0001,c,474,4111
2015-05-29,STORE_0001,c,537,4656
2015-05-30,STORE_0001,c,580,5592
2015-06-01,STORE_0001,c,607,5774
2015-06-02,STORE_0001,c,590,5450
2015-06-03,STORE_0001,c,616,5809
2015-06-05,STORE_0001,c,609,5384
2015-06-06,STORE_0001,c,460,4183
2015-06-08,STORE_0001,c,502,4071
2015-06-09,STORE_0001,c,485,4102
2015-06-10,STORE_0001,c,453,3591
2015-06-11,STORE_0001,c,442,3627
2015-06-12,STORE_0001,c,422,3695
2015-06-13,STORE_0001,c,502,4256
2015-06-15,STORE_0001,c,586,5518
2015-06-16,STORE_0001,c,503,4852
2015-06-17,STORE_0001,c,476,4000
2015-06-18,STORE_0001,c,498,4645
2015-06-19,STORE_0001,c,487,4202
2015-06-20,STORE_0001,c,494,4097
2015-06-22,STORE_0001,c,489,3846
2015-06-23,STORE_0001,c,447,3762
2015-06-24,STORE_0001,c,414,3346
2015-06-25,STORE_0001,c,433,3533
2015-06-26,STORE_0001,c,420,3317
2015-06-27,STORE_0001,c,463,4019
2015-06-29,STORE_0001,c,541,5197
2015-06-30,STORE_0001,c,568,5735
2015-07-01,STORE_0001,c,562,5223
2015-07-02,STORE_0001,c,573,5558
2015-07-03,STORE_0001,c,538,4665
2015-07-04,STORE_0001,c,560,4797
2015-07-06,STORE_0001,c,540,4359
2015-07-07,STORE_0001,c,485,3650
2015-07-08,STORE_0001,c,485,3797
2015-07-09,STORE_0001,c,480,3897
2015-07-10,STORE_0001,c,449,3808
2015-07-11,STORE_0001,c,441,3530
2015-07-13,STORE_0001,c,553,5054
2015-07-14,STORE_0001,c,544,5042
2015-07-15,STORE_0001,c,550,4767
2015-07-16,STORE_0001,c,517,4427
2015-07-17,STORE_0001,c,519,4852
2015-07-18,STORE_0001,c,512,4406
2015-07-20,STORE_0001,c,526,4395
2015-07-21,STORE_0001,c,469,3558
2015-07-22,STORE_0001,c,463,3464
2015-07-23,STORE_0001,c,503,3769
2015-07-24,STORE_0001,c,459,3706
2015-07-25,STORE_0001,c,500,4364
2015-07-27,STORE_0001,c,612,6102
2015-07-28,STORE_0001,c,560,5011
2015-07-29,STORE_0001,c,523,4782
2015-07-30,STORE_0001,c,546,5020
2015-07-31,STORE_0001,c,555,5263
2013-01-02,STORE_0002,a,650,4422
2013-01-03,STORE_0002,a,555,4159
2013-01-04,STORE_0002,a,574,4484
2013-01-05,STORE_0002,a,324,2342
2013-01-07,STORE_0002,a,763,6775
2013-01-08,STORE_0002,a,685,6318
2013-01-09,STORE_0002,a,785,6763
2013-01-10,STORE_0002,a,637,5618
2013-01-11,STORE_0002,a,539,4810
2013-01-12,STORE_0002,a,337,2630
2013-01-14,STORE_0002,a,530,3995
2013-01-15,STORE_0002,a,513,4075
2013-01-16,STORE_0002,a,591,4198
2013-01-17,STORE_0002,a,403,2973
2013-01-18,STORE_0002,a,434,3441
2013-01-19,STORE_0002,a,303,2399
2013-01-21,STORE_0002,a,662,6311
2013-01-22,STORE_0002,a,656,5803
2013-01-23,STORE_0002,a,690,5974
2013-01-24,STORE_0002,a,582,5091
2013-01-25,STORE_0002,a,522,4589
2013-01-26,STORE_0002,a,303,2205
2013-01-28,STORE_0002,a,488,3549
2013-01-29,STORE_0002,a,476,3461
2013-01-30,STORE_0002,a,608,4446
2013-01-31,STORE_0002,a,517,4340
2013-02-01,STORE_0002,a,554,4545
2013-02-02,STORE_0002,a,361,2956
2013-02-04,STORE_0002,a,688,6480
2013-02-05,STORE_0002,a,674,6269
2013-02-06,STORE_0002,a,769,6438
2013-02-07,STORE_0002,a,638,5575
2013-02-08,STORE_0002,a,491,4203
2013-02-09,STORE_0002,a,354,3031
2013-02-11,STORE_0002,a,582,4303
2013-02-12,STORE_0002,a,504,3968
2013-02-13,STORE_0002,a,678,5001
2013-02-14,STORE_0002,a,574,4439
2013-02-15,STORE_0002,a,494,3812
2013-02-16,STORE_0002,a,290,2401
2013-02-18,STORE_0002,a,757,7493
2013-02-19,STORE_0002,a,588,5734
2013-02-20,STORE_0002,a,689,6116
2013-02-21,STORE_0002,a,589,5276
2013-02-22,STORE_0002,a,509,4552
2013-02-23,STORE_0002,a,230,1919
2013-02-25,STORE_0002,a,432,3084
2013-02-26,STORE_0002,a,480,3919
2013-02-27,STORE_0002,a,635,4741
2013-02-28,STORE_0002,a,565,4859
2013-03-01,STORE_0002,a,555,4290
2013-03-02,STORE_0002,a,353,2643
2013-03-04,STORE_0002,a,790,7993
2013-03-05,STORE_0002,a,660,6357
2013-03-06,STORE_0002,a,806,6842
2013-03-07,STORE_0002,a,640,5747
2013-03-08,STORE_0002,a,594,4822
2013-03-09,STORE_0002,a,281,2208
2013-03-11,STORE_0002,a,505,3778
2013-03-12,STORE_0002,a,424,2991
2013-03-13,STORE_0002,a,516,3874
2013-03-14,STORE_0002,a,514,3964
2013-03-15,STORE_0002,a,491,4181
2013-03-16,STORE_0002,a,346,2956
2013-03-18,STORE_0002,a,712,7593
2013-03-19,STORE_0002,a,670,6224
2013-03-20,STORE_0002,a,826,6783
2013-03-21,STORE_0002,a,609,5322
2013-03-22,STORE_0002,a,540,4955
2013-03-23,STORE_0002,a,330,2691
2013-03-25,STORE_0002,a,844,8412
2013-03-26,STORE_0002,a,702,6384
2013-03-27,STORE_0002,a,892,7880
2013-03-28,STORE_0002,a,801,7229
2013-03-30,STORE_0002,a,493,4406
2013-04-02,STORE_0002,a,507,3643
2013-04-03,STORE_0002,a,600,4250
2013-04-04,STORE_0002,a,542,4114
2013-04-05,STORE_0002,a,470,3872
2013-04-06,STORE_0002,a,315,2461
2013-04-08,STORE_0002,a,732,6696
2013-04-09,STORE_0002,a,667,6574
2013-04-10,STORE_0002,a,780,6520
2013-04-11,STORE_0002,a,606,5301
2013-04-12,STORE_0002,a,519,4334
2013-04-13,STORE_0002,a,324,2561
2013-04-15,STORE_0002,a,548,3850
2013-04-16,STORE_0002,a,542,4059
2013-04-17,STORE_0002,a,683,4776
2013-04-18,STORE_0002,a,517,3516
2013-04-19,STORE_0002,a,466,3525
2013-04-20,STORE_0002,a,341,2701
2013-04-22,STORE_0002,a,719,6774
2013-04-23,STORE_0002,a,634,5775
2013-04-24,STORE_0002,a,766,6260
2013-04-25,STORE_0002,a,571,4689
2013-04-26,STORE_0002,a,604,4914
2013-04-27,STORE_0002,a,297,2134
2013-04-29,STORE_0002,a,744,6707
2013-04-30,STORE_0002,a,708,6872
2013-05-02,STORE_0002,a,762,6699
2013-05-03,STORE_0002,a,794,5938
2013-05-04,STORE_0002,a,339,2260
2013-05-06,STORE_0002,a,511,3840
2013-05-07,STORE_0002,a,542,4131
2013-05-08,STORE_0002,a,752,5605
2013-05-10,STORE_0002,a,636,4888
2013-05-11,STORE_0002,a,367,2702
2013-05-13,STORE_0002,a,739,6604
2013-05-14,STORE_0002,a,672,5913
2013-05-15,STORE_0002,a,807,6263
2013-05-16,STORE_0002,a,635,5317
2013-05-17,STORE_0002,a,541,4582
2013-05-18,STORE_0002,a,325,2343
2013-05-21,STORE_0002,a,622,4548
2013-05-22,STORE_0002,a,609,4663
2013-05-23,STORE_0002,a,553,3916
2013-05-24,STORE_0002,a,534,3778
2013-05-25,STORE_0002,a,453,2823
2013-05-27,STORE_0002,a,678,6751
2013-05-28,STORE_0002,a,665,5732
2013-05-29,STORE_0002,a,679,5345
2013-05-30,STORE_0002,a,631,5822
2013-05-31,STORE_0002,a,632,5916
2013-06-01,STORE_0002,a,295,2335
2013-06-03,STORE_0002,a,753,6959
2013-06-04,STORE_0002,a,709,6280
2013-06-05,STORE_0002,a,823,6682
2013-06-06,STORE_0002,a,580,4776
2013-06-07,STORE_0002,a,587,5237
2013-06-08,STORE_0002,a,306,2246
2013-06-10,STORE_0002,a,495,3786
2013-06-11,STORE_0002,a,595,4233
2013-06-12,STORE_0002,a,645,4638
2013-06-13,STORE_0002,a,490,3763
2013-06-14,STORE_0002,a,558,4437
2013-06-15,STORE_0002,a,372,2724
2013-06-17,STORE_0002,a,743,7259
2013-06-18,STORE_0002,a,611,5309
2013-06-19,STORE_0002,a,734,5708
2013-06-20,STORE_0002,a,547,4683
2013-06-21,STORE_0002,a,626,5333
2013-06-22,STORE_0002,a,361,2566
2013-06-24,STORE_0002,a,562,4388
2013-06-25,STORE_0002,a,533,3921
2013-06-26,STORE_0002,a,684,4869
2013-06-27,STORE_0002,a,575,4791
2013-06-28,STORE_0002,a,664,5261
2013-06-29,STORE_0002,a,428,3687
2013-07-01,STORE_0002,a,715,6336
2013-07-02,STORE_0002,a,728,5862
2013-07-03,STORE_0002,a,811,6527
2013-07-04,STORE_0002,a,788,5820
2013-07-05,STORE_0002,a,1036,5288
2013-07-06,STORE_0002,a,1164,4504
2013-07-08,STORE_0002,a,565,4460
2013-07-09,STORE_0002,a,582,4600
2013-07-10,STORE_0002,a,735,5244
2013-07-11,STORE_0002,a,593,4772
2013-07-12,STORE_0002,a,560,4605
2013-07-13,STORE_0002,a,357,2838
2013-07-15,STORE_0002,a,804,8528
2013-07-16,STORE_0002,a,705,6670
2013-07-17,STORE_0002,a,804,6219
2013-07-18,STORE_0002,a,659,5907
2013-07-19,STORE_0002,a,601,4885
2013-07-20,STORE_0002,a,326,2670
2013-07-22,STORE_0002,a,490,3658
2013-07-23,STORE_0002,a,469,3726
2013-07-24,STORE_0002,a,611,4282
2013-07-25,STORE_0002,a,496,3531
2013-07-26,STORE_0002,a,438,3441
2013-07-27,STORE_0002,a,292,2059
2013-07-29,STORE_0002,a,717,7249
2013-07-30,STORE_0002,a,702,6802
2013-07-31,STORE_0002,a,942,8295
2013-08-01,STORE_0002,a,643,5640
2013-08-02,STORE_0002,a,545,4776
2013-08-03,STORE_0002,a,353,2641
2013-08-05,STORE_0002,a,526,4066
2013-08-06,STORE_0002,a,475,3434
2013-08-07,STORE_0002,a,650,4467
2013-08-08,STORE_0002,a,520,3949
2013-08-09,STORE_0002,a,456,3551
2013-08-10,STORE_0002,a,312,2624
2013-08-12,STORE_0002,a,725,6518
2013-08-13,STORE_0002,a,640,6154
2013-08-14,STORE_0002,a,860,7229
2013-08-15,STORE_0002,a,619,5186
2013-08-16,STORE_0002,a,571,4895
2013-08-17,STORE_0002,a,353,2731
2013-08-19,STORE_0002,a,528,3747
2013-08-20,STORE_0002,a,517,3894
2013-08-21,STORE_0002,a,655,4399
2013-08-22,STORE_0002,a,536,3998
2013-08-23,STORE_0002,a,523,3652
2013-08-24,STORE_0002,a,343,2546
2013-08-26,STORE_0002,a,752,7453
2013-08-27,STORE_0002,a,717,6529
2013-08-28,STORE_0002,a,811,6474
2013-08-29,STORE_0002,a,635,5527
2013-08-30,STORE_0002,a,702,6280
2013-08-31,STORE_0002,a,348,2803
2013-09-02,STORE_0002,a,547,4305
2013-09-03,STORE_0002,a,549,4199
2013-09-04,STORE_0002,a,673,4709
2013-09-05,STORE_0002,a,531,3784
2013-09-06,STORE_0002,a,471,3793
2013-09-07,STORE_0002,a,330,2540
2013-09-09,STORE_0002,a,726,7005
2013-09-10,STORE_0002,a,707,6578
2013-09-11,STORE_0002,a,791,6537
2013-09-12,STORE_0002,a,618,5558
2013-09-13,STORE_0002,a,550,4954
2013-09-14,STORE_0002,a,352,2841
2013-09-16,STORE_0002,a,509,3837
2013-09-17,STORE_0002,a,525,3823
2013-09-18,STORE_0002,a,625,4574
2013-09-19,STORE_0002,a,509,3840
2013-09-20,STORE_0002,a,475,3949
2013-09-21,STORE_0002,a,335,2651
2013-09-23,STORE_0002,a,677,6802
2013-09-24,STORE_0002,a,670,6387
2013-09-25,STORE_0002,a,858,6708
2013-09-26,STORE_0002,a,629,5795
2013-09-27,STORE_0002,a,547,4874
2013-09-28,STORE_0002,a,383,3428
2013-09-30,STORE_0002,a,691,5610
2013-10-01,STORE_0002,a,539,3830
2013-10-02,STORE_0002,a,691,5238
2013-10-03,STORE_0002,a,381,2656
2013-10-04,STORE_0002,a,547,4671
2013-10-05,STORE_0002,a,342,2688
2013-10-07,STORE_0002,a,737,7368
2013-10-08,STORE_0002,a,691,6282
2013-10-09,STORE_0002,a,826,7006
2013-10-10,STORE_0002,a,555,4972
2013-10-11,STORE_0002,a,547,4923
2013-10-12,STORE_0002,a,344,2914
2013-10-14,STORE_0002,a,578,4528
2013-10-15,STORE_0002,a,472,3584
2013-10-16,STORE_0002,a,679,5035
2013-10-17,STORE_0002,a,519,3986
2013-10-18,STORE_0002,a,548,4095
2013-10-19,STORE_0002,a,325,2441
2013-10-21,STORE_0002,a,730,6538
2013-10-22,STORE_0002,a,582,5450
2013-10-23,STORE_0002,a,754,5896
2013-10-24,STORE_0002,a,604,5015
2013-10-25,STORE_0002,a,531,4524
2013-10-26,STORE_0002,a,348,2517
2013-10-28,STORE_0002,a,526,3859
2013-10-29,STORE_0002,a,532,4074
2013-10-30,STORE_0002,a,796,6272
2013-11-01,STORE_0002,a,664,5507
2013-11-02,STORE_0002,a,355,2688
2013-11-04,STORE_0002,a,768,7930
2013-11-05,STORE_0002,a,681,6368
2013-11-06,STORE_0002,a,798,6941
2013-11-07,STORE_0002,a,630,5570
2013-11-08,STORE_0002,a,590,5441
2013-11-09,STORE_0002,a,376,3145
2013-11-11,STORE_0002,a,509,4017
2013-11-12,STORE_0002,a,537,4116
2013-11-13,STORE_0002,a,668,4980
2013-11-14,STORE_0002,a,541,4388
2013-11-15,STORE_0002,a,505,4042
2013-11-16,STORE_0002,a,359,2829
2013-11-18,STORE_0002,a,735,7435
2013-11-19,STORE_0002,a,660,6016
2013-11-20,STORE_0002,a,690,6390
2013-11-21,STORE_0002,a,571,5397
2013-11-22,STORE_0002,a,537,4474
2013-11-23,STORE_0002,a,335,2965
2013-11-25,STORE_0002,a,556,4669
2013-11-26,STORE_0002,a,543,4303
2013-11-27,STORE_0002,a,694,5498
2013-11-28,STORE_0002,a,579,5149
2013-11-29,STORE_0002,a,587,5027
2013-11-30,STORE_0002,a,365,3343
2013-12-02,STORE_0002,a,850,8836
2013-12-03,STORE_0002,a,741,8137
2013-12-04,STORE_0002,a,854,8202
2013-12-05,STORE_0002,a,701,7163
2013-12-06,STORE_0002,a,544,4816
2013-12-07,STORE_0002,a,302,2534
2013-12-09,STORE_0002,a,587,4392
2013-12-10,STORE_0002,a,629,4994
2013-12-11,STORE_0002,a,732,6052
2013-12-12,STORE_0002,a,591,5232
2013-12-13,STORE_0002,a,546,4808
2013-12-14,STORE_0002,a,353,3236
2013-12-16,STORE_0002,a,925,10479
2013-12-17,STORE_0002,a,882,10374
2013-12-18,STORE_0002,a,1011,10019
2013-12-19,STORE_0002,a,823,8559
2013-12-20,STORE_0002,a,801,7574
2013-12-21,STORE_0002,a,539,4941
2013-12-23,STORE_0002,a,971,8640
2013-12-24,STORE_0002,a,277,2407
2013-12-27,STORE_0002,a,659,5582
2013-12-28,STORE_0002,a,416,3561
2013-12-30,STORE_0002,a,852,7528
2013-12-31,STORE_0002,a,268,2148
2014-01-02,STORE_0002,a,531,3759
2014-01-03,STORE_0002,a,560,4802
2014-01-04,STORE_0002,a,321,2760
2014-01-06,STORE_0002,a,823,8317
2014-01-07,STORE_0002,a,727,6567
2014-01-08,STORE_0002,a,796,6597
2014-01-09,STORE_0002,a,643,6081
2014-01-10,STORE_0002,a,628,5146
2014-01-11,STORE_0002,a,358,2872
2014-01-13,STORE_0002,a,552,4290
2014-01-14,STORE_0002,a,497,4195
2014-01-15,STORE_0002,a,673,4919
2014-01-16,STORE_0002,a,507,3998
2014-01-17,STORE_0002,a,480,3868
2014-01-18,STORE_0002,a,322,2497
2014-01-20,STORE_0002,a,739,7082
2014-01-21,STORE_0002,a,691,6564
2014-01-22,STORE_0002,a,680,5451
2014-01-23,STORE_0002,a,531,5010
2014-01-24,STORE_0002,a,531,4701
2014-01-25,STORE_0002,a,290,2274
2014-01-27,STORE_0002,a,507,3708
2014-01-28,STORE_0002,a,497,3677
2014-01-29,STORE_0002,a,567,4292
2014-01-30,STORE_0002,a,493,4214
2014-01-31,STORE_0002,a,550,4608
2014-02-01,STORE_0002,a,353,2929
2014-02-03,STORE_0002,a,791,7372
2014-02-04,STORE_0002,a,671,7036
2014-02-05,STORE_0002,a,820,7198
2014-02-06,STORE_0002,a,670,6012
2014-02-07,STORE_0002,a,565,4848
2014-02-08,STORE_0002,a,331,2484
2014-02-10,STORE_0002,a,532,4006
2014-02-11,STORE_0002,a,532,4056
2014-02-12,STORE_0002,a,654,4848
2014-02-13,STORE_0002,a,498,4171
2014-02-14,STORE_0002,a,527,4324
2014-02-15,STORE_0002,a,300,2509
2014-02-17,STORE_0002,a,761,7584
2014-02-18,STORE_0002,a,644,5979
2014-02-19,STORE_0002,a,774,6419
2014-02-20,STORE_0002,a,584,4961
2014-02-21,STORE_0002,a,527,4790
2014-02-22,STORE_0002,a,316,2563
2014-02-24,STORE_0002,a,499,3894
2014-02-25,STORE_0002,a,489,3520
2014-02-26,STORE_0002,a,632,4548
2014-02-27,STORE_0002,a,493,3998
2014-02-28,STORE_0002,a,555,4400
2014-03-01,STORE_0002,a,373,3350
2014-03-03,STORE_0002,a,760,7332
2014-03-04,STORE_0002,a,630,6006
2014-03-05,STORE_0002,a,802,6740
2014-03-06,STORE_0002,a,611,5173
2014-03-07,STORE_0002,a,593,5275
2014-03-08,STORE_0002,a,353,2863
2014-03-10,STORE_0002,a,516,3799
2014-03-11,STORE_0002,a,501,3575
2014-03-12,STORE_0002,a,658,4581
2014-03-13,STORE_0002,a,551,4172
2014-03-14,STORE_0002,a,430,3321
2014-03-15,STORE_0002,a,333,2678
2014-03-17,STORE_0002,a,743,7054
2014-03-18,STORE_0002,a,644,5805
2014-03-19,STORE_0002,a,747,6275
2014-03-20,STORE_0002,a,574,4950
2014-03-21,STORE_0002,a,551,4993
2014-03-22,STORE_0002,a,314,2569
2014-03-24,STORE_0002,a,523,3893
2014-03-25,STORE_0002,a,503,4086
2014-03-26,STORE_0002,a,682,5059
2014-03-27,STORE_0002,a,523,4350
2014-03-28,STORE_0002,a,489,4409
2014-03-29,STORE_0002,a,328,2815
2014-03-31,STORE_0002,a,963,9908
2014-04-01,STORE_0002,a,587,4862
2014-04-02,STORE_0002,a,825,7013
2014-04-03,STORE_0002,a,581,5078
2014-04-04,STORE_0002,a,566,5016
2014-04-05,STORE_0002,a,330,2655
2014-04-07,STORE_0002,a,528,3941
2014-04-08,STORE_0002,a,519,4475
2014-04-09,STORE_0002,a,706,5142
2014-04-10,STORE_0002,a,471,3691
2014-04-11,STORE_0002,a,516,4701
2014-04-12,STORE_0002,a,328,2574
2014-04-14,STORE_0002,a,758,7714
2014-04-15,STORE_0002,a,747,7701
2014-04-16,STORE_0002,a,876,7317
2014-04-17,STORE_0002,a,737,6647
2014-04-19,STORE_0002,a,465,4146
2014-04-22,STORE_0002,a,573,4419
2014-04-23,STORE_0002,a,655,4757
2014-04-24,STORE_0002,a,515,3675
2014-04-25,STORE_0002,a,489,3795
2014-04-26,STORE_0002,a,335,2701
2014-04-28,STORE_0002,a,667,6520
2014-04-29,STORE_0002,a,707,6667
2014-04-30,STORE_0002,a,943,7646
2014-05-02,STORE_0002,a,743,7176
2014-05-03,STORE_0002,a,369,2968
2014-05-05,STORE_0002,a,751,7242
2014-05-06,STORE_0002,a,628,5992
2014-05-07,STORE_0002,a,780,6733
2014-05-08,STORE_0002,a,626,5151
2014-05-09,STORE_0002,a,743,5979
2014-05-10,STORE_0002,a,316,2430
2014-05-12,STORE_0002,a,546,3860
2014-05-13,STORE_0002,a,530,3974
2014-05-14,STORE_0002,a,664,4700
2014-05-15,STORE_0002,a,518,4108
2014-05-16,STORE_0002,a,528,3779
2014-05-17,STORE_0002,a,352,2532
2014-05-19,STORE_0002,a,734,6996
2014-05-20,STORE_0002,a,629,5155
2014-05-21,STORE_0002,a,753,5584
2014-05-22,STORE_0002,a,582,4887
2014-05-23,STORE_0002,a,555,4802
2014-05-24,STORE_0002,a,334,2516
2014-05-26,STORE_0002,a,547,4173
2014-05-27,STORE_0002,a,513,4042
2014-05-28,STORE_0002,a,652,5203
2014-05-30,STORE_0002,a,743,5694
2014-05-31,STORE_0002,a,485,2953
2014-06-02,STORE_0002,a,775,7320
2014-06-03,STORE_0002,a,641,5619
2014-06-04,STORE_0002,a,877,7006
2014-06-05,STORE_0002,a,657,5957
2014-06-06,STORE_0002,a,602,5064
2014-06-07,STORE_0002,a,384,2893
2014-06-10,STORE_0002,a,526,4403
2014-06-11,STORE_0002,a,670,4976
2014-06-12,STORE_0002,a,632,5187
2014-06-13,STORE_0002,a,544,4568
2014-06-14,STORE_0002,a,337,2897
2014-06-16,STORE_0002,a,748,7394
2014-06-17,STORE_0002,a,625,5830
2014-06-18,STORE_0002,a,775,6300
2014-06-19,STORE_0002,a,617,5451
2014-06-20,STORE_0002,a,538,4572
2014-06-21,STORE_0002,a,324,2514
2014-06-23,STORE_0002,a,559,4066
2014-06-24,STORE_0002,a,496,3787
2014-06-25,STORE_0002,a,613,4767
2014-06-26,STORE_0002,a,542,4215
2014-06-27,STORE_0002,a,552,4646
2014-06-28,STORE_0002,a,340,2644
2014-06-30,STORE_0002,a,1021,10682
2014-07-01,STORE_0002,a,646,5454
2014-07-02,STORE_0002,a,821,6623
2014-07-03,STORE_0002,a,888,5824
2014-07-04,STORE_0002,a,1133,5200
2014-07-05,STORE_0002,a,1013,4043
2014-07-07,STORE_0002,a,522,3981
2014-07-08,STORE_0002,a,538,4009
2014-07-09,STORE_0002,a,568,4602
2014-07-10,STORE_0002,a,507,4557
2014-07-11,STORE_0002,a,494,3402
2014-07-12,STORE_0002,a,340,2806
2014-07-14,STORE_0002,a,714,7014
2014-07-15,STORE_0002,a,692,6361
2014-07-16,STORE_0002,a,869,7113
2014-07-17,STORE_0002,a,600,5315
2014-07-18,STORE_0002,a,550,4971
2014-07-19,STORE_0002,a,339,3009
2014-07-21,STORE_0002,a,494,3802
2014-07-22,STORE_0002,a,566,4509
2014-07-23,STORE_0002,a,705,5152
2014-07-24,STORE_0002,a,510,3886
2014-07-25,STORE_0002,a,500,3956
2014-07-26,STORE_0002,a,316,2243
2014-07-28,STORE_0002,a,641,6494
2014-07-29,STORE_0002,a,561,5274
2014-07-30,STORE_0002,a,768,6308
2014-07-31,STORE_0002,a,703,6301
2014-08-01,STORE_0002,a,620,5434
2014-08-02,STORE_0002,a,451,3354
2014-08-04,STORE_0002,a,668,6315
2014-08-05,STORE_0002,a,621,5811
2014-08-06,STORE_0002,a,767,6331
2014-08-07,STORE_0002,a,563,4809
2014-08-08,STORE_0002,a,498,4597
2014-08-09,STORE_0002,a,344,2592
2014-08-11,STORE_0002,a,554,4158
2014-08-12,STORE_0002,a,535,4319
2014-08-13,STORE_0002,a,670,5010
2014-08-14,STORE_0002,a,564,4606
2014-08-15,STORE_0002,a,498,4218
2014-08-16,STORE_0002,a,336,2847
2014-08-18,STORE_0002,a,688,6355
2014-08-19,STORE_0002,a,647,6000
2014-08-20,STORE_0002,a,850,7056
2014-08-21,STORE_0002,a,615,5626
2014-08-22,STORE_0002,a,586,5064
2014-08-23,STORE_0002,a,341,2738
2014-08-25,STORE_0002,a,538,3927
2014-08-26,STORE_0002,a,462,3647
2014-08-27,STORE_0002,a,699,5127
2014-08-28,STORE_0002,a,524,3717
2014-08-29,STORE_0002,a,537,4318
2014-08-30,STORE_0002,a,376,2976
2014-09-01,STORE_0002,a,805,8173
2014-09-02,STORE_0002,a,645,6422
2014-09-03,STORE_0002,a,754,6615
2014-09-04,STORE_0002,a,635,5401
2014-09-05,STORE_0002,a,578,4823
2014-09-06,STORE_0002,a,329,2551
2014-09-08,STORE_0002,a,564,4189
2014-09-09,STORE_0002,a,589,4963
2014-09-10,STORE_0002,a,646,4865
2014-09-11,STORE_0002,a,477,4123
2014-09-12,STORE_0002,a,435,3323
2014-09-13,STORE_0002,a,318,2593
2014-09-15,STORE_0002,a,735,6997
2014-09-16,STORE_0002,a,663,6207
2014-09-17,STORE_0002,a,762,6469
2014-09-18,STORE_0002,a,556,4994
2014-09-19,STORE_0002,a,547,4491
2014-09-20,STORE_0002,a,306,2473
2014-09-22,STORE_0002,a,501,4004
2014-09-23,STORE_0002,a,510,3874
2014-09-24,STORE_0002,a,694,5084
2014-09-25,STORE_0002,a,504,3911
2014-09-26,STORE_0002,a,443,3583
2014-09-27,STORE_0002,a,354,2725
2014-09-29,STORE_0002,a,750,7514
2014-09-30,STORE_0002,a,839,8461
2014-10-01,STORE_0002,a,695,5565
2014-10-02,STORE_0002,a,630,4845
2014-10-03,STORE_0002,a,389,2689
2014-10-04,STORE_0002,a,377,2979
2014-10-06,STORE_0002,a,748,7562
2014-10-07,STORE_0002,a,646,5808
2014-10-08,STORE_0002,a,736,6252
2014-10-09,STORE_0002,a,614,5283
2014-10-10,STORE_0002,a,529,4907
2014-10-11,STORE_0002,a,322,2497
2014-10-13,STORE_0002,a,569,4377
2014-10-14,STORE_0002,a,516,3982
2014-10-15,STORE_0002,a,670,4732
2014-10-16,STORE_0002,a,522,4288
2014-10-17,STORE_0002,a,501,3852
2014-10-18,STORE_0002,a,330,2613
2014-10-20,STORE_0002,a,684,6631
2014-10-21,STORE_0002,a,593,5382
2014-10-22,STORE_0002,a,600,5261
2014-10-23,STORE_0002,a,628,5729
2014-10-24,STORE_0002,a,578,5096
2014-10-25,STORE_0002,a,331,2542
2014-10-27,STORE_0002,a,573,4296
2014-10-28,STORE_0002,a,523,3849
2014-10-29,STORE_0002,a,668,4986
2014-10-30,STORE_0002,a,653,5394
2014-11-01,STORE_0002,a,448,3305
2014-11-03,STORE_0002,a,783,7549
2014-11-04,STORE_0002,a,724,7015
2014-11-05,STORE_0002,a,797,7142
2014-11-06,STORE_0002,a,630,6307
2014-11-07,STORE_0002,a,590,5445
2014-11-08,STORE_0002,a,368,3311
2014-11-10,STORE_0002,a,690,6423
2014-11-11,STORE_0002,a,601,5651
2014-11-12,STORE_0002,a,776,6818
2014-11-13,STORE_0002,a,624,5009
2014-11-14,STORE_0002,a,560,4655
2014-11-15,STORE_0002,a,373,2979
2014-11-17,STORE_0002,a,552,4157
2014-11-18,STORE_0002,a,411,3468
2014-11-19,STORE_0002,a,674,5091
2014-11-20,STORE_0002,a,535,4527
2014-11-21,STORE_0002,a,472,3978
2014-11-22,STORE_0002,a,367,3085
2014-11-24,STORE_0002,a,696,7038
2014-11-25,STORE_0002,a,632,6511
2014-11-26,STORE_0002,a,828,7588
2014-11-27,STORE_0002,a,644,6119
2014-11-28,STORE_0002,a,608,6062
2014-11-29,STORE_0002,a,372,3424
2014-12-01,STORE_0002,a,783,8674
2014-12-02,STORE_0002,a,751,7664
2014-12-03,STORE_0002,a,769,7533
2014-12-04,STORE_0002,a,670,6661
2014-12-05,STORE_0002,a,676,6385
2014-12-06,STORE_0002,a,386,2914
2014-12-08,STORE_0002,a,616,4821
2014-12-09,STORE_0002,a,596,5264
2014-12-10,STORE_0002,a,717,5830
2014-12-11,STORE_0002,a,539,4629
2014-12-12,STORE_0002,a,497,4407
2014-12-13,STORE_0002,a,350,3375
2014-12-15,STORE_0002,a,909,10419
2014-12-16,STORE_0002,a,866,9499
2014-12-17,STORE_0002,a,909,9365
2014-12-18,STORE_0002,a,777,8117
2014-12-19,STORE_0002,a,718,7574
2014-12-20,STORE_0002,a,495,4553
2014-12-22,STORE_0002,a,924,9027
2014-12-23,STORE_0002,a,816,7557
2014-12-24,STORE_0002,a,274,2437
2014-12-27,STORE_0002,a,457,3934
2014-12-29,STORE_0002,a,662,5999
2014-12-30,STORE_0002,a,632,5513
2014-12-31,STORE_0002,a,252,2269
2015-01-02,STORE_0002,a,543,4137
2015-01-03,STORE_0002,a,350,3132
2015-01-05,STORE_0002,a,755,7308
2015-01-06,STORE_0002,a,727,6696
2015-01-07,STORE_0002,a,670,5945
2015-01-08,STORE_0002,a,567,5246
2015-01-09,STORE_0002,a,524,4762
2015-01-10,STORE_0002,a,346,3024
2015-01-12,STORE_0002,a,689,7237
2015-01-13,STORE_0002,a,695,6444
2015-01-14,STORE_0002,a,700,6366
2015-01-15,STORE_0002,a,632,5810
2015-01-16,STORE_0002,a,573,5456
2015-01-17,STORE_0002,a,340,2883
2015-01-19,STORE_0002,a,528,4082
2015-01-20,STORE_0002,a,491,3955
2015-01-21,STORE_0002,a,606,4524
2015-01-22,STORE_0002,a,484,3728
2015-01-23,STORE_0002,a,418,3206
2015-01-24,STORE_0002,a,326,2575
2015-01-26,STORE_0002,a,638,5931
2015-01-27,STORE_0002,a,575,5258
2015-01-28,STORE_0002,a,720,6032
2015-01-29,STORE_0002,a,539,4775
2015-01-30,STORE_0002,a,624,5919
2015-01-31,STORE_0002,a,323,3067
2015-02-02,STORE_0002,a,808,8155
2015-02-03,STORE_0002,a,684,6837
2015-02-04,STORE_0002,a,721,6405
2015-02-05,STORE_0002,a,603,5275
2015-02-06,STORE_0002,a,550,5260
2015-02-07,STORE_0002,a,306,2335
2015-02-09,STORE_0002,a,491,3678
2015-02-10,STORE_0002,a,567,4653
2015-02-11,STORE_0002,a,641,4773
2015-02-12,STORE_0002,a,485,3765
2015-02-13,STORE_0002,a,499,3647
2015-02-14,STORE_0002,a,351,2809
2015-02-16,STORE_0002,a,703,7478
2015-02-17,STORE_0002,a,623,6113
2015-02-18,STORE_0002,a,758,6178
2015-02-19,STORE_0002,a,627,5842
2015-02-20,STORE_0002,a,544,4727
2015-02-21,STORE_0002,a,355,3005
2015-02-23,STORE_0002,a,481,3633
2015-02-24,STORE_0002,a,498,3755
2015-02-25,STORE_0002,a,653,4666
2015-02-26,STORE_0002,a,509,4035
2015-02-27,STORE_0002,a,517,4022
2015-02-28,STORE_0002,a,378,3032
2015-03-02,STORE_0002,a,739,7161
2015-03-03,STORE_0002,a,697,6610
2015-03-04,STORE_0002,a,764,6478
2015-03-05,STORE_0002,a,634,5532
2015-03-06,STORE_0002,a,550,4823
2015-03-07,STORE_0002,a,367,3211
2015-03-09,STORE_0002,a,532,3967
2015-03-10,STORE_0002,a,512,4095
2015-03-11,STORE_0002,a,668,4949
2015-03-12,STORE_0002,a,514,4065
2015-03-13,STORE_0002,a,442,3430
2015-03-14,STORE_0002,a,343,2803
2015-03-16,STORE_0002,a,734,7209
2015-03-17,STORE_0002,a,666,6457
2015-03-18,STORE_0002,a,786,7034
2015-03-19,STORE_0002,a,622,5737
2015-03-20,STORE_0002,a,532,4759
2015-03-21,STORE_0002,a,367,2922
2015-03-23,STORE_0002,a,516,4183
2015-03-24,STORE_0002,a,523,4436
2015-03-25,STORE_0002,a,684,5150
2015-03-26,STORE_0002,a,486,3912
2015-03-27,STORE_0002,a,458,3800
2015-03-28,STORE_0002,a,355,3011
2015-03-30,STORE_0002,a,777,8733
2015-03-31,STORE_0002,a,850,10107
2015-04-01,STORE_0002,a,756,6473
2015-04-02,STORE_0002,a,619,6168
2015-04-04,STORE_0002,a,506,4446
2015-04-07,STORE_0002,a,582,4588
2015-04-08,STORE_0002,a,677,5304
2015-04-09,STORE_0002,a,501,3793
2015-04-10,STORE_0002,a,488,3824
2015-04-11,STORE_0002,a,319,2662
2015-04-13,STORE_0002,a,698,6947
2015-04-14,STORE_0002,a,703,6569
2015-04-15,STORE_0002,a,850,7132
2015-04-16,STORE_0002,a,590,5371
2015-04-17,STORE_0002,a,549,4948
2015-04-18,STORE_0002,a,340,3066
2015-04-20,STORE_0002,a,511,4184
2015-04-21,STORE_0002,a,469,3291
2015-04-22,STORE_0002,a,641,5032
2015-04-23,STORE_0002,a,482,3588
2015-04-24,STORE_0002,a,482,3678
2015-04-25,STORE_0002,a,453,2916
2015-04-27,STORE_0002,a,647,6523
2015-04-28,STORE_0002,a,678,6861
2015-04-29,STORE_0002,a,756,6764
2015-04-30,STORE_0002,a,716,6884
2015-05-02,STORE_0002,a,423,3590
2015-05-04,STORE_0002,a,681,6901
2015-05-05,STORE_0002,a,653,6295
2015-05-06,STORE_0002,a,780,6558
2015-05-07,STORE_0002,a,597,5382
2015-05-08,STORE_0002,a,753,5734
2015-05-09,STORE_0002,a,348,2722
2015-05-11,STORE_0002,a,544,4521
2015-05-12,STORE_0002,a,541,4319
2015-05-13,STORE_0002,a,734,5662
2015-05-15,STORE_0002,a,592,5293
2015-05-16,STORE_0002,a,337,2831
2015-05-18,STORE_0002,a,747,8078
2015-05-19,STORE_0002,a,631,6388
2015-05-20,STORE_0002,a,794,6696
2015-05-21,STORE_0002,a,609,5431
2015-05-22,STORE_0002,a,504,4564
2015-05-23,STORE_0002,a,331,2732
2015-05-26,STORE_0002,a,564,4708
2015-05-27,STORE_0002,a,672,5093
2015-05-28,STORE_0002,a,518,4049
2015-05-29,STORE_0002,a,576,4541
2015-05-30,STORE_0002,a,513,3447
2015-06-01,STORE_0002,a,673,6629
2015-06-02,STORE_0002,a,697,7099
2015-06-03,STORE_0002,a,768,6682
2015-06-04,STORE_0002,a,646,5810
2015-06-05,STORE_0002,a,532,4938
2015-06-06,STORE_0002,a,319,2641
2015-06-08,STORE_0002,a,501,3918
2015-06-09,STORE_0002,a,560,4097
2015-06-10,STORE_0002,a,680,5035
2015-06-11,STORE_0002,a,515,4240
2015-06-12,STORE_0002,a,480,3539
2015-06-13,STORE_0002,a,319,2574
2015-06-15,STORE_0002,a,762,8106
2015-06-16,STORE_0002,a,648,6243
2015-06-17,STORE_0002,a,805,6924
2015-06-18,STORE_0002,a,594,5154
2015-06-19,STORE_0002,a,544,4926
2015-06-20,STORE_0002,a,323,3020
2015-06-22,STORE_0002,a,491,4123
2015-06-23,STORE_0002,a,512,4094
2015-06-24,STORE_0002,a,654,4805
2015-06-25,STORE_0002,a,508,4022
2015-06-26,STORE_0002,a,476,3953
2015-06-27,STORE_0002,a,303,2404
2015-06-29,STORE_0002,a,734,7961
2015-06-30,STORE_0002,a,877,9863
2015-07-01,STORE_0002,a,786,6431
2015-07-02,STORE_0002,a,921,6189
2015-07-03,STORE_0002,a,1029,4838
2015-07-04,STORE_0002,a,1147,4475
2015-07-06,STORE_0002,a,523,4132
2015-07-07,STORE_0002,a,531,4313
2015-07-08,STORE_0002,a,693,5676
2015-07-09,STORE_0002,a,495,4082
2015-07-10,STORE_0002,a,539,4384
2015-07-11,STORE_0002,a,311,2677
2015-07-13,STORE_0002,a,687,6874
2015-07-14,STORE_0002,a,645,6122
2015-07-15,STORE_0002,a,780,6406
2015-07-16,STORE_0002,a,544,5062
2015-07-17,STORE_0002,a,495,4518
2015-07-18,STORE_0002,a,359,3417
2015-07-20,STORE_0002,a,564,4435
2015-07-21,STORE_0002,a,532,3836
2015-07-22,STORE_0002,a,650,5093
2015-07-23,STORE_0002,a,521,4108
2015-07-24,STORE_0002,a,468,3854
2015-07-25,STORE_0002,a,316,2512
2015-07-27,STORE_0002,a,638,6627
2015-07-28,STORE_0002,a,646,5671
2015-07-29,STORE_0002,a,727,6402
2015-07-30,STORE_0002,a,601,5567
2015-07-31,STORE_0002,a,625,6064
2013-01-02,STORE_0003,a,805,6823
2013-01-03,STORE_0003,a,721,5902
2013-01-04,STORE_0003,a,690,6069
2013-01-05,STORE_0003,a,525,4523
2013-01-07,STORE_0003,a,1079,12247
2013-01-08,STORE_0003,a,856,9800
2013-01-09,STORE_0003,a,778,8001
2013-01-10,STORE_0003,a,791,7772
2013-01-11,STORE_0003,a,951,9292
2013-01-12,STORE_0003,a,485,4455
2013-01-14,STORE_0003,a,599,4566
2013-01-15,STORE_0003,a,669,5041
2013-01-16,STORE_0003,a,617,4827
2013-01-17,STORE_0003,a,600,4463
2013-01-18,STORE_0003,a,703,5390
2013-01-19,STORE_0003,a,427,3938
2013-01-21,STORE_0003,a,630,6014
2013-01-22,STORE_0003,a,797,7961
2013-01-23,STORE_0003,a,803,7863
2013-01-24,STORE_0003,a,814,7910
2013-01-25,STORE_0003,a,773,7565
2013-01-26,STORE_0003,a,450,3902
2013-01-28,STORE_0003,a,722,5352
2013-01-29,STORE_0003,a,711,5375
2013-01-30,STORE_0003,a,647,4920
2013-01-31,STORE_0003,a,648,5682
2013-02-01,STORE_0003,a,806,6725
2013-02-02,STORE_0003,a,603,5155
2013-02-04,STORE_0003,a,1070,10913
2013-02-05,STORE_0003,a,925,9372
2013-02-06,STORE_0003,a,950,9084
2013-02-07,STORE_0003,a,861,7786
2013-02-08,STORE_0003,a,842,7945
2013-02-09,STORE_0003,a,494,4324
2013-02-11,STORE_0003,a,736,5541
2013-02-12,STORE_0003,a,758,5725
2013-02-13,STORE_0003,a,680,5111
2013-02-14,STORE_0003,a,741,5912
2013-02-15,STORE_0003,a,673,5159
2013-02-16,STORE_0003,a,488,4000
2013-02-18,STORE_0003,a,1008,10793
2013-02-19,STORE_0003,a,755,7997
2013-02-20,STORE_0003,a,812,7862
2013-02-21,STORE_0003,a,772,7517
2013-02-22,STORE_0003,a,840,7993
2013-02-23,STORE_0003,a,446,3688
2013-02-25,STORE_0003,a,675,5072
2013-02-26,STORE_0003,a,669,5154
2013-02-27,STORE_0003,a,670,5172
2013-02-28,STORE_0003,a,767,6167
2013-03-01,STORE_0003,a,800,6575
2013-03-02,STORE_0003,a,638,5037
2013-03-04,STORE_0003,a,1080,11004
2013-03-05,STORE_0003,a,987,9878
2013-03-06,STORE_0003,a,871,8729
2013-03-07,STORE_0003,a,901,8479
2013-03-08,STORE_0003,a,864,8174
2013-03-09,STORE_0003,a,436,3778
2013-03-11,STORE_0003,a,633,4968
2013-03-12,STORE_0003,a,704,5452
2013-03-13,STORE_0003,a,703,5391
2013-03-14,STORE_0003,a,642,4993
2013-03-15,STORE_0003,a,829,6933
2013-03-16,STORE_0003,a,493,4249
2013-03-18,STORE_0003,a,1062,11199
2013-03-19,STORE_0003,a,965,9725
2013-03-20,STORE_0003,a,868,8459
2013-03-21,STORE_0003,a,855,8245
2013-03-22,STORE_0003,a,886,8355
2013-03-23,STORE_0003,a,457,4200
2013-03-25,STORE_0003,a,1031,10181
2013-03-26,STORE_0003,a,999,9991
2013-03-27,STORE_0003,a,946,9033
2013-03-28,STORE_0003,a,1032,9884
2013-03-30,STORE_0003,a,672,6267
2013-04-02,STORE_0003,a,802,5856
2013-04-03,STORE_0003,a,715,5704
2013-04-04,STORE_0003,a,781,6663
2013-04-05,STORE_0003,a,740,6197
2013-04-06,STORE_0003,a,556,4656
2013-04-08,STORE_0003,a,940,9781
2013-04-09,STORE_0003,a,925,9416
2013-04-10,STORE_0003,a,839,8414
2013-04-11,STORE_0003,a,760,7959
2013-04-12,STORE_0003,a,936,8866
2013-04-13,STORE_0003,a,438,3765
2013-04-15,STORE_0003,a,723,5295
2013-04-16,STORE_0003,a,688,5092
2013-04-17,STORE_0003,a,699,5320
2013-04-18,STORE_0003,a,689,5399
2013-04-19,STORE_0003,a,705,5608
2013-04-20,STORE_0003,a,472,4007
2013-04-22,STORE_0003,a,930,8979
2013-04-23,STORE_0003,a,835,8294
2013-04-24,STORE_0003,a,838,8041
2013-04-25,STORE_0003,a,789,7232
2013-04-26,STORE_0003,a,744,7194
2013-04-27,STORE_0003,a,451,3773
2013-04-29,STORE_0003,a,871,9036
2013-04-30,STORE_0003,a,1129,11641
2013-05-02,STORE_0003,a,1011,9884
2013-05-03,STORE_0003,a,964,9198
2013-05-04,STORE_0003,a,590,4732
2013-05-06,STORE_0003,a,758,6092
2013-05-07,STORE_0003,a,717,6048
2013-05-08,STORE_0003,a,838,6866
2013-05-10,STORE_0003,a,909,7821
2013-05-11,STORE_0003,a,847,6103
2013-05-13,STORE_0003,a,860,8836
2013-05-14,STORE_0003,a,937,8802
2013-05-15,STORE_0003,a,878,8094
2013-05-16,STORE_0003,a,886,8081
2013-05-17,STORE_0003,a,827,7980
2013-05-18,STORE_0003,a,443,3946
2013-05-21,STORE_0003,a,829,6829
2013-05-22,STORE_0003,a,702,5617
2013-05-23,STORE_0003,a,648,4929
2013-05-24,STORE_0003,a,780,6220
2013-05-25,STORE_0003,a,468,4144
2013-05-27,STORE_0003,a,948,9551
2013-05-28,STORE_0003,a,911,9168
2013-05-29,STORE_0003,a,945,9222
2013-05-31,STORE_0003,a,1167,12211
2013-06-01,STORE_0003,a,587,4947
2013-06-03,STORE_0003,a,1014,10025
2013-06-04,STORE_0003,a,904,8935
2013-06-05,STORE_0003,a,816,7714
2013-06-06,STORE_0003,a,840,8051
2013-06-07,STORE_0003,a,895,8351
2013-06-08,STORE_0003,a,480,4002
2013-06-10,STORE_0003,a,742,5881
2013-06-11,STORE_0003,a,727,5592
2013-06-12,STORE_0003,a,657,5520
2013-06-13,STORE_0003,a,647,5499
2013-06-14,STORE_0003,a,742,6440
2013-06-15,STORE_0003,a,491,4330
2013-06-17,STORE_0003,a,986,10328
2013-06-18,STORE_0003,a,892,9065
2013-06-19,STORE_0003,a,761,7745
2013-06-20,STORE_0003,a,710,6633
2013-06-21,STORE_0003,a,863,8739
2013-06-22,STORE_0003,a,485,4199
2013-06-24,STORE_0003,a,716,6538
2013-06-25,STORE_0003,a,701,5414
2013-06-26,STORE_0003,a,676,5461
2013-06-27,STORE_0003,a,787,6546
2013-06-28,STORE_0003,a,887,8280
2013-06-29,STORE_0003,a,742,6227
2013-07-01,STORE_0003,a,949,9469
2013-07-02,STORE_0003,a,892,9158
2013-07-03,STORE_0003,a,908,9924
2013-07-04,STORE_0003,a,930,8932
2013-07-05,STORE_0003,a,930,9257
2013-07-06,STORE_0003,a,582,4882
2013-07-08,STORE_0003,a,737,6103
2013-07-09,STORE_0003,a,768,6097
2013-07-10,STORE_0003,a,798,6691
2013-07-11,STORE_0003,a,698,6035
2013-07-12,STORE_0003,a,715,5769
2013-07-13,STORE_0003,a,489,4056
2013-07-15,STORE_0003,a,1094,12179
2013-07-16,STORE_0003,a,1070,11756
2013-07-17,STORE_0003,a,909,9886
2013-07-18,STORE_0003,a,927,9098
2013-07-19,STORE_0003,a,926,9174
2013-07-20,STORE_0003,a,484,4392
2013-07-22,STORE_0003,a,640,5152
2013-07-23,STORE_0003,a,656,5723
2013-07-24,STORE_0003,a,659,5430
2013-07-25,STORE_0003,a,717,5936
2013-07-26,STORE_0003,a,656,5283
2013-07-27,STORE_0003,a,433,3845
2013-07-29,STORE_0003,a,965,10853
2013-07-30,STORE_0003,a,958,10451
2013-07-31,STORE_0003,a,1036,10895
2013-08-01,STORE_0003,a,893,8738
2013-08-02,STORE_0003,a,748,7610
2013-08-03,STORE_0003,a,532,4546
2013-08-05,STORE_0003,a,748,5991
2013-08-06,STORE_0003,a,737,6166
2013-08-07,STORE_0003,a,716,5982
2013-08-08,STORE_0003,a,684,5916
2013-08-09,STORE_0003,a,705,5991
2013-08-10,STORE_0003,a,427,3883
2013-08-12,STORE_0003,a,1006,10962
2013-08-13,STORE_0003,a,1007,10004
2013-08-14,STORE_0003,a,844,8452
2013-08-15,STORE_0003,a,867,8369
2013-08-16,STORE_0003,a,850,7585
2013-08-17,STORE_0003,a,421,3242
2013-08-19,STORE_0003,a,539,4369
2013-08-20,STORE_0003,a,671,5290
2013-08-21,STORE_0003,a,673,5070
2013-08-22,STORE_0003,a,670,5225
2013-08-23,STORE_0003,a,633,4692
2013-08-24,STORE_0003,a,427,3525
2013-08-26,STORE_0003,a,948,9613
2013-08-27,STORE_0003,a,914,8893
2013-08-28,STORE_0003,a,871,8266
2013-08-29,STORE_0003,a,823,7384
2013-08-30,STORE_0003,a,909,8954
2013-08-31,STORE_0003,a,448,3584
2013-09-02,STORE_0003,a,720,5625
2013-09-03,STORE_0003,a,739,5847
2013-09-04,STORE_0003,a,750,6116
2013-09-05,STORE_0003,a,641,4921
2013-09-06,STORE_0003,a,635,4750
2013-09-07,STORE_0003,a,444,3661
2013-09-09,STORE_0003,a,995,11058
2013-09-10,STORE_0003,a,774,8361
2013-09-11,STORE_0003,a,796,8568
2013-09-12,STORE_0003,a,876,8774
2013-09-13,STORE_0003,a,893,8610
2013-09-14,STORE_0003,a,393,3537
2013-09-16,STORE_0003,a,692,5391
2013-09-17,STORE_0003,a,725,5517
2013-09-18,STORE_0003,a,681,5378
2013-09-19,STORE_0003,a,672,5120
2013-09-20,STORE_0003,a,669,5426
2013-09-21,STORE_0003,a,461,3554
2013-09-23,STORE_0003,a,885,9002
2013-09-24,STORE_0003,a,893,8376
2013-09-25,STORE_0003,a,812,7475
2013-09-26,STORE_0003,a,759,7003
2013-09-27,STORE_0003,a,845,8387
2013-09-28,STORE_0003,a,444,3845
2013-09-30,STORE_0003,a,945,8988
2013-10-01,STORE_0003,a,743,5903
2013-10-02,STORE_0003,a,765,6045
2013-10-04,STORE_0003,a,888,8093
2013-10-05,STORE_0003,a,555,4802
2013-10-07,STORE_0003,a,940,10779
2013-10-08,STORE_0003,a,885,9269
2013-10-09,STORE_0003,a,817,8250
2013-10-10,STORE_0003,a,913,8711
2013-10-11,STORE_0003,a,700,7076
2013-10-12,STORE_0003,a,460,4076
2013-10-14,STORE_0003,a,757,5982
2013-10-15,STORE_0003,a,705,5598
2013-10-16,STORE_0003,a,710,5563
2013-10-17,STORE_0003,a,678,5261
2013-10-18,STORE_0003,a,724,5684
2013-10-19,STORE_0003,a,418,3568
2013-10-21,STORE_0003,a,969,9712
2013-10-22,STORE_0003,a,831,8058
2013-10-23,STORE_0003,a,834,7839
2013-10-24,STORE_0003,a,784,7163
2013-10-25,STORE_0003,a,764,6614
2013-10-26,STORE_0003,a,413,2936
2013-10-28,STORE_0003,a,491,4025
2013-10-29,STORE_0003,a,634,4838
2013-10-30,STORE_0003,a,683,5900
2013-10-31,STORE_0003,a,802,6532
2013-11-02,STORE_0003,a,641,6359
2013-11-04,STORE_0003,a,832,9119
2013-11-05,STORE_0003,a,984,10275
2013-11-06,STORE_0003,a,833,8378
2013-11-07,STORE_0003,a,786,7662
2013-11-08,STORE_0003,a,857,7958
2013-11-09,STORE_0003,a,491,4305
2013-11-11,STORE_0003,a,661,5084
2013-11-12,STORE_0003,a,678,5267
2013-11-13,STORE_0003,a,713,5530
2013-11-14,STORE_0003,a,685,5240
2013-11-15,STORE_0003,a,742,5919
2013-11-16,STORE_0003,a,451,3893
2013-11-18,STORE_0003,a,932,9719
2013-11-19,STORE_0003,a,902,8865
2013-11-20,STORE_0003,a,867,8573
2013-11-21,STORE_0003,a,824,7630
2013-11-22,STORE_0003,a,807,7697
2013-11-23,STORE_0003,a,486,4109
2013-11-25,STORE_0003,a,734,5968
2013-11-26,STORE_0003,a,733,5880
2013-11-27,STORE_0003,a,666,5942
2013-11-28,STORE_0003,a,797,6096
2013-11-29,STORE_0003,a,795,7152
2013-11-30,STORE_0003,a,759,6960
2013-12-02,STORE_0003,a,1097,12144
2013-12-03,STORE_0003,a,1039,10485
2013-12-04,STORE_0003,a,948,9624
2013-12-05,STORE_0003,a,727,7872
2013-12-06,STORE_0003,a,859,8300
2013-12-07,STORE_0003,a,886,7151
2013-12-09,STORE_0003,a,716,5478
2013-12-10,STORE_0003,a,841,6595
2013-12-11,STORE_0003,a,887,7577
2013-12-12,STORE_0003,a,850,6921
2013-12-13,STORE_0003,a,877,7146
2013-12-14,STORE_0003,a,721,6688
2013-12-16,STORE_0003,a,1282,14647
2013-12-17,STORE_0003,a,1284,14555
2013-12-18,STORE_0003,a,1198,12564
2013-12-19,STORE_0003,a,1105,10463
2013-12-20,STORE_0003,a,1227,12352
2013-12-21,STORE_0003,a,997,8215
2013-12-23,STORE_0003,a,1579,14461
2013-12-24,STORE_0003,a,625,4460
2013-12-27,STORE_0003,a,966,8158
2013-12-28,STORE_0003,a,420,3927
2013-12-30,STORE_0003,a,1165,10503
2013-12-31,STORE_0003,a,463,4081
2014-01-02,STORE_0003,a,690,5703
2014-01-03,STORE_0003,a,766,6821
2014-01-04,STORE_0003,a,537,4727
2014-01-06,STORE_0003,a,946,11326
2014-01-07,STORE_0003,a,990,11215
2014-01-08,STORE_0003,a,794,8242
2014-01-09,STORE_0003,a,743,7081
2014-01-10,STORE_0003,a,902,9242
2014-01-11,STORE_0003,a,482,4397
2014-01-13,STORE_0003,a,682,5420
2014-01-14,STORE_0003,a,648,4934
2014-01-15,STORE_0003,a,665,5163
2014-01-16,STORE_0003,a,681,5395
2014-01-17,STORE_0003,a,660,5115
2014-01-18,STORE_0003,a,449,4232
2014-01-20,STORE_0003,a,943,10251
2014-01-21,STORE_0003,a,850,9246
2014-01-22,STORE_0003,a,1006,9642
2014-01-23,STORE_0003,a,799,7857
2014-01-24,STORE_0003,a,748,6981
2014-01-25,STORE_0003,a,440,3416
2014-01-27,STORE_0003,a,633,4602
2014-01-28,STORE_0003,a,630,4816
2014-01-29,STORE_0003,a,628,4887
2014-01-30,STORE_0003,a,658,5219
2014-01-31,STORE_0003,a,812,8097
2014-02-01,STORE_0003,a,499,4968
2014-02-03,STORE_0003,a,1030,11861
2014-02-04,STORE_0003,a,914,10084
2014-02-05,STORE_0003,a,834,8124
2014-02-06,STORE_0003,a,828,7920
2014-02-07,STORE_0003,a,767,7198
2014-02-08,STORE_0003,a,457,4369
2014-02-10,STORE_0003,a,737,5396
2014-02-11,STORE_0003,a,662,4877
2014-02-12,STORE_0003,a,710,5675
2014-02-13,STORE_0003,a,684,5132
2014-02-14,STORE_0003,a,753,6213
2014-02-15,STORE_0003,a,415,3793
2014-02-17,STORE_0003,a,989,10020
2014-02-18,STORE_0003,a,843,8382
2014-02-19,STORE_0003,a,812,8156
2014-02-20,STORE_0003,a,766,6798
2014-02-21,STORE_0003,a,799,7511
2014-02-22,STORE_0003,a,475,4082
2014-02-24,STORE_0003,a,672,5141
2014-02-25,STORE_0003,a,680,4858
2014-02-26,STORE_0003,a,640,4580
2014-02-27,STORE_0003,a,684,5324
2014-02-28,STORE_0003,a,786,6792
2014-03-01,STORE_0003,a,539,4718
2014-03-03,STORE_0003,a,1032,11091
2014-03-04,STORE_0003,a,901,9520
2014-03-05,STORE_0003,a,878,8867
2014-03-06,STORE_0003,a,835,8140
2014-03-07,STORE_0003,a,861,8321
2014-03-08,STORE_0003,a,426,3407
2014-03-10,STORE_0003,a,703,4928
2014-03-11,STORE_0003,a,684,5412
2014-03-12,STORE_0003,a,649,4951
2014-03-13,STORE_0003,a,719,4918
2014-03-14,STORE_0003,a,705,6245
2014-03-15,STORE_0003,a,448,4255
2014-03-17,STORE_0003,a,908,9154
2014-03-18,STORE_0003,a,867,9011
2014-03-19,STORE_0003,a,843,8417
2014-03-20,STORE_0003,a,796,7390
2014-03-21,STORE_0003,a,711,6765
2014-03-22,STORE_0003,a,470,4389
2014-03-24,STORE_0003,a,696,5248
2014-03-25,STORE_0003,a,692,5207
2014-03-26,STORE_0003,a,634,5158
2014-03-27,STORE_0003,a,635,4969
2014-03-28,STORE_0003,a,737,6194
2014-03-29,STORE_0003,a,466,4200
2014-03-31,STORE_0003,a,1161,13588
2014-04-01,STORE_0003,a,804,6800
2014-04-02,STORE_0003,a,791,7481
2014-04-03,STORE_0003,a,838,7477
2014-04-04,STORE_0003,a,827,7562
2014-04-05,STORE_0003,a,434,3904
2014-04-07,STORE_0003,a,671,5121
2014-04-08,STORE_0003,a,628,5218
2014-04-09,STORE_0003,a,655,5389
2014-04-10,STORE_0003,a,700,5683
2014-04-11,STORE_0003,a,696,6169
2014-04-12,STORE_0003,a,430,3795
2014-04-14,STORE_0003,a,930,10103
2014-04-15,STORE_0003,a,951,10021
2014-04-16,STORE_0003,a,954,9311
2014-04-17,STORE_0003,a,946,8309
2014-04-19,STORE_0003,a,690,5794
2014-04-22,STORE_0003,a,782,6172
2014-04-23,STORE_0003,a,684,5561
2014-04-24,STORE_0003,a,684,5389
2014-04-25,STORE_0003,a,673,5241
2014-04-26,STORE_0003,a,443,3906
2014-04-28,STORE_0003,a,934,9500
2014-04-29,STORE_0003,a,874,8455
2014-04-30,STORE_0003,a,1015,10482
2014-05-02,STORE_0003,a,1066,10994
2014-05-03,STORE_0003,a,557,4950
2014-05-05,STORE_0003,a,926,9327
2014-05-06,STORE_0003,a,891,8925
2014-05-07,STORE_0003,a,855,8435
2014-05-08,STORE_0003,a,796,7396
2014-05-09,STORE_0003,a,802,7499
2014-05-10,STORE_0003,a,720,5868
2014-05-12,STORE_0003,a,594,4367
2014-05-13,STORE_0003,a,720,6174
2014-05-14,STORE_0003,a,668,5142
2014-05-15,STORE_0003,a,672,5190
2014-05-16,STORE_0003,a,711,5744
2014-05-17,STORE_0003,a,444,3485
2014-05-19,STORE_0003,a,902,9011
2014-05-20,STORE_0003,a,869,7828
2014-05-21,STORE_0003,a,769,7139
2014-05-22,STORE_0003,a,753,6899
2014-05-23,STORE_0003,a,710,6619
2014-05-24,STORE_0003,a,470,4236
2014-05-26,STORE_0003,a,702,5458
2014-05-27,STORE_0003,a,587,4651
2014-05-28,STORE_0003,a,619,4925
2014-05-30,STORE_0003,a,965,8510
2014-05-31,STORE_0003,a,514,4725
2014-06-02,STORE_0003,a,1011,10912
2014-06-03,STORE_0003,a,919,9614
2014-06-04,STORE_0003,a,812,7768
2014-06-05,STORE_0003,a,817,8018
2014-06-06,STORE_0003,a,818,8015
2014-06-07,STORE_0003,a,571,4903
2014-06-10,STORE_0003,a,731,5831
2014-06-11,STORE_0003,a,684,5947
2014-06-12,STORE_0003,a,782,6889
2014-06-13,STORE_0003,a,727,6343
2014-06-14,STORE_0003,a,475,4517
2014-06-16,STORE_0003,a,920,10299
2014-06-17,STORE_0003,a,977,10249
2014-06-18,STORE_0003,a,879,9218
2014-06-20,STORE_0003,a,962,9752
2014-06-21,STORE_0003,a,469,4208
2014-06-23,STORE_0003,a,683,5182
2014-06-24,STORE_0003,a,660,5599
2014-06-25,STORE_0003,a,705,5618
2014-06-26,STORE_0003,a,662,5766
2014-06-27,STORE_0003,a,623,5162
2014-06-28,STORE_0003,a,635,5802
2014-06-30,STORE_0003,a,1193,15689
2014-07-01,STORE_0003,a,866,8373
2014-07-02,STORE_0003,a,874,8646
2014-07-03,STORE_0003,a,920,8883
2014-07-04,STORE_0003,a,812,7585
2014-07-05,STORE_0003,a,529,4763
2014-07-07,STORE_0003,a,784,6884
2014-07-08,STORE_0003,a,609,5039
2014-07-09,STORE_0003,a,571,5006
2014-07-10,STORE_0003,a,704,6701
2014-07-11,STORE_0003,a,715,6441
2014-07-12,STORE_0003,a,435,4098
2014-07-14,STORE_0003,a,831,8761
2014-07-15,STORE_0003,a,864,9153
2014-07-16,STORE_0003,a,833,8036
2014-07-17,STORE_0003,a,808,7874
2014-07-18,STORE_0003,a,704,6751
2014-07-19,STORE_0003,a,394,3251
2014-07-21,STORE_0003,a,652,5884
2014-07-22,STORE_0003,a,675,6267
2014-07-23,STORE_0003,a,643,5553
2014-07-24,STORE_0003,a,603,5139
2014-07-25,STORE_0003,a,562,4346
2014-07-26,STORE_0003,a,449,4132
2014-07-28,STORE_0003,a,787,8778
2014-07-29,STORE_0003,a,740,7497
2014-07-30,STORE_0003,a,809,8399
2014-07-31,STORE_0003,a,877,8891
2014-08-01,STORE_0003,a,787,7893
2014-08-02,STORE_0003,a,466,4157
2014-08-04,STORE_0003,a,891,9055
2014-08-05,STORE_0003,a,868,8714
2014-08-06,STORE_0003,a,798,7499
2014-08-07,STORE_0003,a,827,8010
2014-08-08,STORE_0003,a,760,6763
2014-08-09,STORE_0003,a,408,3131
2014-08-11,STORE_0003,a,757,6114
2014-08-12,STORE_0003,a,696,5431
2014-08-13,STORE_0003,a,753,6051
2014-08-14,STORE_0003,a,702,5668
2014-08-15,STORE_0003,a,677,5156
2014-08-16,STORE_0003,a,404,3216
2014-08-18,STORE_0003,a,888,9258
2014-08-19,STORE_0003,a,884,8854
2014-08-20,STORE_0003,a,839,7661
2014-08-21,STORE_0003,a,768,6933
2014-08-22,STORE_0003,a,752,6610
2014-08-23,STORE_0003,a,457,3698
2014-08-25,STORE_0003,a,703,5393
2014-08-26,STORE_0003,a,690,5666
2014-08-27,STORE_0003,a,658,5055
2014-08-28,STORE_0003,a,714,5452
2014-08-29,STORE_0003,a,750,6889
2014-08-30,STORE_0003,a,475,4322
2014-09-01,STORE_0003,a,962,10679
2014-09-02,STORE_0003,a,863,8989
2014-09-03,STORE_0003,a,843,8659
2014-09-04,STORE_0003,a,796,7659
2014-09-05,STORE_0003,a,686,6564
2014-09-06,STORE_0003,a,439,3562
2014-09-08,STORE_0003,a,714,6061
2014-09-09,STORE_0003,a,732,5978
2014-09-10,STORE_0003,a,659,5164
2014-09-11,STORE_0003,a,724,5389
2014-09-12,STORE_0003,a,705,5665
2014-09-13,STORE_0003,a,439,3737
2014-09-15,STORE_0003,a,977,10098
2014-09-16,STORE_0003,a,879,8607
2014-09-17,STORE_0003,a,795,8034
2014-09-18,STORE_0003,a,775,7563
2014-09-19,STORE_0003,a,803,7729
2014-09-20,STORE_0003,a,398,3574
2014-09-22,STORE_0003,a,583,4658
2014-09-23,STORE_0003,a,696,5026
2014-09-24,STORE_0003,a,636,4620
2014-09-25,STORE_0003,a,628,4575
2014-09-26,STORE_0003,a,658,4853
2014-09-27,STORE_0003,a,431,3846
2014-09-29,STORE_0003,a,960,10066
2014-09-30,STORE_0003,a,1084,12260
2014-10-01,STORE_0003,a,851,8331
2014-10-02,STORE_0003,a,937,8565
2014-10-04,STORE_0003,a,622,5420
2014-10-06,STORE_0003,a,982,10598
2014-10-07,STORE_0003,a,742,7699
2014-10-08,STORE_0003,a,842,8472
2014-10-09,STORE_0003,a,759,7206
2014-10-10,STORE_0003,a,802,7448
2014-10-11,STORE_0003,a,420,3697
2014-10-13,STORE_0003,a,673,5035
2014-10-14,STORE_0003,a,694,5114
2014-10-15,STORE_0003,a,639,5008
2014-10-16,STORE_0003,a,652,5271
2014-10-17,STORE_0003,a,656,5485
2014-10-18,STORE_0003,a,424,3367
2014-10-20,STORE_0003,a,814,8266
2014-10-21,STORE_0003,a,700,6855
2014-10-22,STORE_0003,a,738,7380
2014-10-23,STORE_0003,a,788,7177
2014-10-24,STORE_0003,a,757,6251
2014-10-25,STORE_0003,a,421,3266
2014-10-27,STORE_0003,a,684,4848
2014-10-28,STORE_0003,a,636,4745
2014-10-29,STORE_0003,a,597,4716
2014-10-30,STORE_0003,a,711,5357
2014-10-31,STORE_0003,a,823,6788
2014-11-03,STORE_0003,a,1005,10855
2014-11-04,STORE_0003,a,940,9863
2014-11-05,STORE_0003,a,892,9172
2014-11-06,STORE_0003,a,832,8072
2014-11-07,STORE_0003,a,840,8091
2014-11-08,STORE_0003,a,477,4055
2014-11-10,STORE_0003,a,831,8533
2014-11-11,STORE_0003,a,879,8708
2014-11-12,STORE_0003,a,809,7839
2014-11-13,STORE_0003,a,800,7560
2014-11-14,STORE_0003,a,778,7836
2014-11-15,STORE_0003,a,515,4397
2014-11-17,STORE_0003,a,718,5935
2014-11-18,STORE_0003,a,659,5195
2014-11-19,STORE_0003,a,684,5490
2014-11-20,STORE_0003,a,734,6019
2014-11-21,STORE_0003,a,737,5865
2014-11-22,STORE_0003,a,467,3989
2014-11-24,STORE_0003,a,855,8886
2014-11-25,STORE_0003,a,875,8577
2014-11-26,STORE_0003,a,837,8397
2014-11-27,STORE_0003,a,896,8508
2014-11-28,STORE_0003,a,953,9700
2014-11-29,STORE_0003,a,723,6702
2014-12-01,STORE_0003,a,962,10369
2014-12-02,STORE_0003,a,932,9044
2014-12-03,STORE_0003,a,962,9694
2014-12-04,STORE_0003,a,935,8766
2014-12-05,STORE_0003,a,1096,10190
2014-12-06,STORE_0003,a,947,7669
2014-12-08,STORE_0003,a,738,5792
2014-12-09,STORE_0003,a,785,6446
2014-12-10,STORE_0003,a,635,5256
2014-12-11,STORE_0003,a,723,6363
2014-12-12,STORE_0003,a,604,5481
2014-12-13,STORE_0003,a,775,6621
2014-12-15,STORE_0003,a,1115,13472
2014-12-16,STORE_0003,a,1204,13072
2014-12-17,STORE_0003,a,917,10510
2014-12-18,STORE_0003,a,1121,11617
2014-12-19,STORE_0003,a,957,9598
2014-12-20,STORE_0003,a,839,8094
2014-12-22,STORE_0003,a,1209,11282
2014-12-23,STORE_0003,a,1352,12121
2014-12-24,STORE_0003,a,582,4310
2014-12-27,STORE_0003,a,569,4825
2014-12-29,STORE_0003,a,941,8788
2014-12-30,STORE_0003,a,957,8376
2014-12-31,STORE_0003,a,408,3804
2015-01-02,STORE_0003,a,698,5523
2015-01-03,STORE_0003,a,507,4299
2015-01-05,STORE_0003,a,946,10684
2015-01-06,STORE_0003,a,869,8739
2015-01-07,STORE_0003,a,754,7253
2015-01-08,STORE_0003,a,684,6300
2015-01-09,STORE_0003,a,733,7719
2015-01-10,STORE_0003,a,391,3373
2015-01-12,STORE_0003,a,814,8209
2015-01-13,STORE_0003,a,717,7464
2015-01-14,STORE_0003,a,746,7417
2015-01-15,STORE_0003,a,721,6578
2015-01-16,STORE_0003,a,865,8497
2015-01-17,STORE_0003,a,492,4610
2015-01-19,STORE_0003,a,703,5420
2015-01-20,STORE_0003,a,645,4848
2015-01-21,STORE_0003,a,651,5024
2015-01-22,STORE_0003,a,595,4677
2015-01-23,STORE_0003,a,672,5701
2015-01-24,STORE_0003,a,381,3452
2015-01-26,STORE_0003,a,765,8055
2015-01-27,STORE_0003,a,893,8292
2015-01-28,STORE_0003,a,722,6883
2015-01-29,STORE_0003,a,738,7485
2015-01-30,STORE_0003,a,678,6911
2015-01-31,STORE_0003,a,484,4382
2015-02-02,STORE_0003,a,951,9922
2015-02-03,STORE_0003,a,895,8950
2015-02-04,STORE_0003,a,816,8155
2015-02-05,STORE_0003,a,796,7195
2015-02-06,STORE_0003,a,811,7920
2015-02-07,STORE_0003,a,549,4781
2015-02-09,STORE_0003,a,643,5027
2015-02-10,STORE_0003,a,685,5333
2015-02-11,STORE_0003,a,710,6116
2015-02-12,STORE_0003,a,666,5179
2015-02-13,STORE_0003,a,765,6018
2015-02-14,STORE_0003,a,498,4221
2015-02-16,STORE_0003,a,934,9914
2015-02-17,STORE_0003,a,789,7895
2015-02-18,STORE_0003,a,784,7862
2015-02-19,STORE_0003,a,791,7248
2015-02-20,STORE_0003,a,742,7204
2015-02-21,STORE_0003,a,396,3419
2015-02-23,STORE_0003,a,645,5354
2015-02-24,STORE_0003,a,669,4982
2015-02-25,STORE_0003,a,629,4650
2015-02-26,STORE_0003,a,719,5978
2015-02-27,STORE_0003,a,693,5640
2015-02-28,STORE_0003,a,482,4574
2015-03-02,STORE_0003,a,974,10970
2015-03-03,STORE_0003,a,817,8615
2015-03-04,STORE_0003,a,768,7651
2015-03-05,STORE_0003,a,833,7784
2015-03-06,STORE_0003,a,829,8057
2015-03-07,STORE_0003,a,544,4525
2015-03-09,STORE_0003,a,673,5430
2015-03-10,STORE_0003,a,677,5223
2015-03-11,STORE_0003,a,651,5302
2015-03-12,STORE_0003,a,693,5725
2015-03-13,STORE_0003,a,688,5831
2015-03-14,STORE_0003,a,464,4189
2015-03-16,STORE_0003,a,869,8998
2015-03-17,STORE_0003,a,857,8154
2015-03-18,STORE_0003,a,839,8626
2015-03-19,STORE_0003,a,760,6947
2015-03-20,STORE_0003,a,724,6971
2015-03-21,STORE_0003,a,399,3494
2015-03-23,STORE_0003,a,668,5400
2015-03-24,STORE_0003,a,670,5256
2015-03-25,STORE_0003,a,679,5538
2015-03-26,STORE_0003,a,695,6105
2015-03-27,STORE_0003,a,625,5216
2015-03-28,STORE_0003,a,464,4247
2015-03-30,STORE_0003,a,933,11282
2015-03-31,STORE_0003,a,862,11299
2015-04-01,STORE_0003,a,853,8546
2015-04-02,STORE_0003,a,920,8716
2015-04-04,STORE_0003,a,778,7123
2015-04-07,STORE_0003,a,814,6830
2015-04-08,STORE_0003,a,722,6253
2015-04-09,STORE_0003,a,753,6185
2015-04-10,STORE_0003,a,716,6343
2015-04-11,STORE_0003,a,432,4008
2015-04-13,STORE_0003,a,842,9563
2015-04-14,STORE_0003,a,904,9274
2015-04-15,STORE_0003,a,851,8651
2015-04-16,STORE_0003,a,828,8336
2015-04-17,STORE_0003,a,824,7735
2015-04-18,STORE_0003,a,457,3772
2015-04-20,STORE_0003,a,661,5238
2015-04-21,STORE_0003,a,678,5756
2015-04-22,STORE_0003,a,685,5875
2015-04-23,STORE_0003,a,677,5570
2015-04-24,STORE_0003,a,658,5376
2015-04-25,STORE_0003,a,473,4373
2015-04-27,STORE_0003,a,866,9447
2015-04-28,STORE_0003,a,870,8758
2015-04-29,STORE_0003,a,897,9484
2015-04-30,STORE_0003,a,979,9971
2015-05-02,STORE_0003,a,674,6564
2015-05-04,STORE_0003,a,928,9488
2015-05-05,STORE_0003,a,818,8719
2015-05-06,STORE_0003,a,877,9046
2015-05-07,STORE_0003,a,800,7705
2015-05-08,STORE_0003,a,891,9083
2015-05-09,STORE_0003,a,743,6024
2015-05-11,STORE_0003,a,714,5797
2015-05-12,STORE_0003,a,707,6043
2015-05-13,STORE_0003,a,772,7003
2015-05-15,STORE_0003,a,865,7515
2015-05-16,STORE_0003,a,464,4149
2015-05-18,STORE_0003,a,919,10040
2015-05-19,STORE_0003,a,871,8728
2015-05-20,STORE_0003,a,798,8226
2015-05-21,STORE_0003,a,776,7682
2015-05-22,STORE_0003,a,769,7349
2015-05-23,STORE_0003,a,485,4613
2015-05-26,STORE_0003,a,738,6443
2015-05-27,STORE_0003,a,644,5589
2015-05-28,STORE_0003,a,677,6475
2015-05-29,STORE_0003,a,793,7421
2015-05-30,STORE_0003,a,458,4542
2015-06-01,STORE_0003,a,1012,11594
2015-06-02,STORE_0003,a,978,10455
2015-06-03,STORE_0003,a,918,9590
2015-06-05,STORE_0003,a,935,9685
2015-06-06,STORE_0003,a,539,4622
2015-06-08,STORE_0003,a,766,6567
2015-06-09,STORE_0003,a,772,7127
2015-06-10,STORE_0003,a,719,6440
2015-06-11,STORE_0003,a,699,5656
2015-06-12,STORE_0003,a,681,6181
2015-06-13,STORE_0003,a,492,4687
2015-06-15,STORE_0003,a,955,10818
2015-06-16,STORE_0003,a,911,9780
2015-06-17,STORE_0003,a,821,8524
2015-06-18,STORE_0003,a,743,7537
2015-06-19,STORE_0003,a,797,8074
2015-06-20,STORE_0003,a,424,3891
2015-06-22,STORE_0003,a,638,5840
2015-06-23,STORE_0003,a,779,6757
2015-06-24,STORE_0003,a,633,5448
2015-06-25,STORE_0003,a,693,5763
2015-06-26,STORE_0003,a,698,6222
2015-06-27,STORE_0003,a,641,5156
2015-06-29,STORE_0003,a,817,10243
2015-06-30,STORE_0003,a,1072,13261
2015-07-01,STORE_0003,a,772,8311
2015-07-02,STORE_0003,a,701,7450
2015-07-03,STORE_0003,a,742,8149
2015-07-04,STORE_0003,a,456,4482
2015-07-06,STORE_0003,a,734,6736
2015-07-07,STORE_0003,a,657,6180
2015-07-08,STORE_0003,a,680,6347
2015-07-09,STORE_0003,a,691,6613
2015-07-10,STORE_0003,a,689,6316
2015-07-11,STORE_0003,a,409,4011
2015-07-13,STORE_0003,a,812,9462
2015-07-14,STORE_0003,a,769,8625
2015-07-15,STORE_0003,a,865,8663
2015-07-16,STORE_0003,a,812,7909
2015-07-17,STORE_0003,a,673,6679
2015-07-18,STORE_0003,a,417,4258
2015-07-20,STORE_0003,a,671,5798
2015-07-21,STORE_0003,a,661,5600
2015-07-22,STORE_0003,a,607,5414
2015-07-23,STORE_0003,a,655,5702
2015-07-24,STORE_0003,a,607,5080
2015-07-25,STORE_0003,a,412,3878
2015-07-27,STORE_0003,a,768,8107
2015-07-28,STORE_0003,a,818,8864
2015-07-29,STORE_0003,a,716,7610
2015-07-30,STORE_0003,a,823,8977
2015-07-31,STORE_0003,a,821,8314
